binom,Alpha Probs,Nonalpha Probs
kiwis and wolverines,-47.37236922979355,-39.76428523659706
kiwis and narwhals,-57.791759729385376,-50.19369465112686
kiwis and ocelots,-54.32967829704285,-46.68218567967415
ibex and kiwis,-47.128646314144135,-48.82865345478058
harpies and kiwis,-44.91226179152727,-47.990514516830444
axolotls and wolverines,-43.29091075062752,-43.8320697247982
axolotls and ibex,-46.57388353347778,-49.842284083366394
axolotls and harpies,-42.32552593946457,-47.4704180881381
axolotls and keas,-49.03955817222595,-50.50931406021118
axolotls and bonobos,-41.287593070883304,-41.22596636938397
axolotls and wombats,-42.41767035797238,-43.651287227869034
axolotls and lions,-41.42653441429138,-46.19679157435894
ocelots and platypuses,-52.89449031278491,-48.767163667827845
ibex and platypuses,-51.33461111783981,-45.228716406971216
harpies and platypuses,-44.05988782271743,-39.37615791335702
keas and platypuses,-53.09786534309387,-48.958599124103785
bonobos and platypuses,-42.85129116254393,-41.71537957713008
harpies and wolverines,-43.519053511321545,-39.512401428073645
keas and wolverines,-49.48147809505463,-45.035362631082535
bonobos and wolverines,-39.571947289281525,-36.89949484379031
capybaras and ibex,-50.5400995016098,-47.98194354772568
capybaras and harpies,-46.00548216700554,-52.99775902926922
capybaras and keas,-51.426420748233795,-56.9586021900177
ibex and narwhals,-57.45638293027878,-56.77901840209961
harpies and narwhals,-56.117170333862305,-49.11084757745266
keas and narwhals,-58.921101808547974,-56.24888563156128
ibex and ocelots,-52.50594800710678,-49.70450486242771
keas and ocelots,-52.63073182106018,-56.38110065460205
bonobos and ocelots,-43.53400511818472,-44.86558079572933
harpies and ibex,-45.56871408224106,-49.022583186626434
ibex and keas,-46.949903190135956,-47.575765669345856
bonobos and ibex,-39.032262323074974,-43.63808504585177
ibex and koalas,-46.696846187114716,-47.940870732069016
ibex and sloths,-47.70232933759689,-44.7758464217186
aardvarks and ibex,-43.67645648866892,-46.61452716588974
harpies and keas,-50.854532957077026,-49.63414430618286
bonobos and harpies,-35.46986062603537,-41.09933844115585
harpies and koalas,-43.671203285455704,-43.59415167570114
harpies and wombats,-42.81088356394321,-37.604528464376926
aardvarks and harpies,-38.53588966280222,-48.83270034752786
bonobos and keas,-41.734807205968536,-47.421114195138216
keas and koalas,-46.63400077819824,-47.99594122171402
keas and sloths,-46.18326544761658,-46.23518419265747
keas and wombats,-46.08166587352753,-46.09302735328674
keas and lions,-44.39484691619873,-45.439476013183594
aardvarks and keas,-43.65069202333689,-49.36401569843292
bonobos and wombats,-37.77057499962393,-37.12831948371604
aardvarks and bonobos,-37.757443643407896,-40.56201948004309
ocarinas and vibraphones,-58.65497851371765,-55.35892695188522
cymbals and ocarinas,-41.55871406197548,-52.559128761291504
clarinets and ocarinas,-46.79162485897541,-54.302340507507324
cellos and ocarinas,-44.26774078607559,-49.713104248046875
didgeridoos and vibraphones,-59.56921349465847,-63.13338862918317
lutes and marimbas,-40.87759220600128,-46.530592918395996
kalimbas and lutes,-52.0582070350647,-51.8712295293808
clarinets and kalimbas,-55.54750519990921,-58.0090389251709
kalimbas and trumpets,-49.63337826728821,-51.77427673339844
cellos and kalimbas,-50.87095761299133,-53.13232970237732
kalimbas and saxophones,-59.54584050178528,-51.66925537586212
lutes and saxophones,-32.837974172551185,-38.54873478412628
casserole and eagle,-41.637050807476044,-44.94920697808266
kite and linguist,-47.824866771698,-45.32716357707977
algorithm and perfume,-47.95782709121704,-40.43767499923706
forest and screwdriver,-39.39619175903499,-37.348372258245945
slipper and volcano,-42.289573192596436,-42.783607482910156
harmonica and microscope,-43.121556997299194,-43.432639837265015
cookbook and zenith,-45.91480207443237,-49.59912896156311
hammock and hydrogen,-42.24764704704285,-47.30644702911377
neuron and toaster,-49.292354583740234,-43.14149236679077
marshmallow and telescope,-39.02550230640918,-38.13739941176027
casserole and optics,-44.1411526799202,-47.71192526817322
comet and encyclopedia,-43.99848655983806,-41.39354679454118
nimbus and waffle,-45.4982990026474,-47.496335327625275
photon and pumpkin,-43.174750328063965,-48.67549419403076
lantern and syntax,-45.063501715660095,-45.02935242652893
echo and vineyard,-45.290377616882324,-43.12637662887573
nebula and snowman,-45.76014256477356,-45.99967908859253
botany and teapot,-41.03108084201813,-44.235992193222046
chisel and kaleidoscope,-40.39291641116142,-39.66495303046395
lava and teacup,-42.62867283821106,-44.718733072280884
entropy and orchard,-38.6801588118542,-49.68098718521651
axolotl and vineyard,-45.54725879430771,-47.1657221801579
clockwork and meadow,-36.61370223760605,-41.50406193733215
algebra and telescope,-42.27980136871338,-36.15992569923401
arcade and topaz,-43.27842974662781,-35.59778571128845
asteroid and compass,-38.19162607192993,-37.82324802875519
bicycle and nebula,-42.52624003589153,-44.16276717185974
bungalow and entropy,-46.96938128612237,-38.57031118054874
carnation and gnome,-42.038220286369324,-47.99015164375305
cinnamon and harmonica,-41.86399071442429,-42.499846667284146
coral and syntax,-42.30265474319458,-42.76220655441284
dandelion and pendulum,-38.179070960730314,-46.14744094014168
delirium and telescope,-46.57283145189285,-40.52730709686875
anchors and sandstorms,-41.00335496664047,-42.39876887202263
scissors and volcanoes,-42.03125985339284,-39.889222621917725
equations and lanterns,-40.09757770597935,-41.7408829331398
satellites and tulips,-42.90456513664685,-40.47519862246554
compasses and hedgehogs,-41.76477378979325,-38.96224004030228
comets and neckties,-47.48414707183838,-45.03502345085144
castles and headphones,-46.31286811828613,-40.67045497894287
paperclips and pyramids,-44.13693174748914,-40.41132512688637
constellations and kettles,-42.42198807001114,-41.55678403377533
kaleidoscopes and whales,-49.781275862646,-42.54757810640149
meadows and pianos,-43.9225914478302,-39.61768339574337
magnets and zebras,-36.79925782742794,-40.47651385888457
parrots and submarines,-39.166434187442064,-39.19964286312461
crayons and jungles,-38.043405558913946,-46.61127781867981
harbor and teapot,-46.63148260116577,-47.77991199493408
notebook and quicksand,-40.68268594145775,-41.12183916568756
glacier and lantern,-42.9907169342041,-39.52792304009199
microscope and puddle,-44.46168923377991,-43.68591730296612
compass and swan,-39.853909969329834,-43.90574884414673
bonsai and cathedral,-43.66796723008156,-44.54092729836702
honeycomb and violin,-38.6866463329643,-36.32737543527037
sailboat and stadium,-43.1724591255188,-40.73521661758423
acorns and skyscrapers,-38.08038990381465,-45.44302100915229
bell and trellis,-43.475488275289536,-37.461314260959625
inkwell and kite,-45.4751558303833,-44.58843755722046
foxglove and trombone,-45.18536025285721,-46.70671987533569
carousel and quill,-33.40881331637502,-41.944555692374706
lighthouse and onion,-43.60673713684082,-40.578115940093994
cactus and chessboard,-46.9270268753171,-45.368268981575966
gallery and raindrop,-47.256558299064636,-47.82089614868164
cricket and plow,-38.118526220321655,-41.424050092697144
fresco and gingerbread,-38.40532843704568,-37.175637766556974
cello and sunflower,-43.13790154457092,-44.25922417640686
archway and quilt,-46.845566749572754,-46.31177568435669
compass and haystack,-42.672188103199005,-43.26836194097996
beacon and millipede,-44.46260020136833,-43.496392011642456
parchment and windmill,-40.89206844009459,-44.62744402885437
candlestick and meadow,-44.150243431227864,-42.08941531180926
men and women,-20.97725933790207,-24.678351879119873
black and white,-20.920808166265488,-22.96605134010315
day and night,-22.013239902444184,-26.203064877539873
boys and girls,-21.239244177937508,-24.35214674472809
left and right,-24.13225720450282,-23.003158532083035
female and male,-25.041466772556305,-22.191809873562306
father and mother,-23.53428554534912,-24.31636118888855
goods and services,-24.930571913719177,-35.104674100875854
north and south,-23.519640624523163,-24.986014902591705
development and research,-32.323752880096436,-25.549128770828247
place and time,-26.312660455703735,-27.17685627937317
death and life,-27.034723043441772,-22.7962144613266
brothers and sisters,-23.212313256924972,-25.15897274017334
husband and wife,-22.273677200078964,-27.43156886100769
gas and oil,-24.991156339645386,-23.934134244918823
pepper and salt,-25.13742482662201,-22.494110494852066
fall and rise,-27.88886547088623,-22.288221955299377
arms and legs,-22.52343626320362,-24.46404778957367
fruits and vegetables,-23.350556567311287,-27.14010000228882
arts and sciences,-29.030462384223938,-30.738187551498413
gentlemen and ladies,-23.146335542201996,-21.87429092079401
feelings and thoughts,-30.114253997802734,-28.878291368484497
diagnosis and treatment,-29.04873812198639,-31.818605661392212
groups and individuals,-29.80545949935913,-27.979334592819214
knowledge and skills,-31.037941455841064,-28.367064476013184
heart and mind,-27.273634910583496,-26.692973613739014
influence and power,-31.78771138191223,-28.07750701904297
Africa and Asia,-28.354926109313965,-27.739556550979614
addresses and names,-33.17588996887207,-26.06959366798401
poetry and prose,-29.381149291992188,-29.540050864219666
forefinger and thumb,-37.650883592665195,-24.31653574918164
minerals and vitamins,-35.10042442336635,-27.112947925372282
fall and winter,-30.770024299621582,-32.48013687133789
light and shadow,-25.24319076538086,-32.51035499572754
honey and milk,-29.797597885131836,-25.501389741897583
nose and throat,-26.364095211029053,-32.23884415626526
anger and fear,-27.93391728401184,-27.428359031677246
head and tail,-25.905614376068115,-29.67221450805664
novels and stories,-29.63499093055725,-31.08873414993286
sunrise and sunset,-26.902367115020752,-29.46680450439453
sympathy and understanding,-31.10883927345276,-32.83296012878418
shoes and socks,-25.128695964813232,-24.249345064163208
equipment and personnel,-31.311707019805908,-30.187283515930176
eyes and face,-28.578001976013184,-27.646477222442627
ink and paper,-28.108484029769897,-27.208860158920288
muscles and nerves,-30.50947666168213,-30.73114037513733
charts and maps,-30.03546905517578,-27.456108927726746
elbows and knees,-29.68761793989688,-31.122398010993493
Christmas and Easter,-29.670970797538757,-33.07870674133301
nature and size,-32.37313413619995,-33.025129079818726
gums and teeth,-38.208738803863525,-29.495896369218826
chairs and sofas,-31.365316428244114,-37.338712215423584
characters and situations,-30.21091938018799,-32.247700691223145
joy and pleasure,-32.851747274398804,-30.837162017822266
Thursday and Tuesday,-32.4825177192688,-27.46576339006424
barley and oats,-36.04374670982361,-30.76515306159854
beauty and dignity,-33.71599006652832,-31.71195125579834
boats and ships,-28.42787194252014,-28.521888256072998
misery and pain,-34.381364822387695,-30.275322437286377
bones and skulls,-27.963498502969742,-25.511398017406464
dairy and poultry,-32.47970913350582,-32.32544828951359
being and existence,-39.26905536651611,-35.75386571884155
radar and radio,-33.060251235961914,-31.157214403152466
humility and pride,-33.553295612335205,-29.141975969076157
pitch and volume,-27.938153743743896,-31.924190998077393
skirt and sweater,-34.10254454566166,-34.4219183921814
linen and silk,-31.611385226249695,-31.700051311403513
checks and money,-34.03260374069214,-32.2022385597229
calluses and corns,-42.1970477104187,-39.95301866531372
action and motion,-31.18596839904785,-29.9721622467041
brain and intelligence,-31.261111736297607,-34.030277729034424
conduct and manners,-34.44854784011841,-31.407604455947876
completeness and unity,-37.384743278846145,-37.98739565425785
hostility and indifference,-35.89576608685093,-31.835137498390395
depth and force,-34.12632083892822,-31.075658321380615
hours and miles,-34.356969356536865,-37.69978666305542
movements and speech,-34.582383155822754,-32.44323205947876
schools and synagogues,-33.22034224082017,-40.64781364519149
arrangers and composers,-37.46855274960399,-34.125958952807196
happiness and laughter,-32.316277742385864,-31.053006649017334
diagrams and sketches,-30.56776098906994,-36.06280708499253
pail and shovel,-32.76284098625183,-32.093698024749756
candies and cookies,-34.12110710144043,-35.25211302563548
county and village,-34.50160312652588,-31.075495719909668
charm and variety,-34.4142632484436,-34.70666790008545
bouquets and wreaths,-39.30404471978545,-33.76796660851687
beech and elm,-35.5442830324173,-40.58382058143616
complexity and obscurity,-38.80604875087738,-39.80839620530605
devotion and effort,-34.423855781555176,-33.18654012680054
alibis and excuses,-45.77760052680969,-42.97138910647482
body and mind,-26.761089324951172,-23.955262184143066
man and woman,-22.452465057373047,-27.518956899642944
law and order,-25.284383893013,-34.49489974975586
cause and effect,-24.18660918995738,-34.53792905807495
radio and television,-26.068955659866333,-26.454806327819824
b and c,-23.9639510512352,-28.889333724975586
feet and hands,-26.55012011528015,-23.229869067668915
money and time,-27.739184856414795,-25.636192560195923
blood and flesh,-27.64432716369629,-22.69996890425682
god and man,-27.358105659484863,-28.587196826934814
file and rank,-34.128921031951904,-27.425571143627167
brother and sister,-23.946572348475456,-28.42293643951416
father and son,-22.035682499408722,-28.95294761657715
men and officers,-30.084762573242188,-26.763250589370728
south and west,-26.00332820415497,-27.830634593963623
error and trial,-37.86833310127258,-26.630980968475342
arts and crafts,-25.460633389651775,-35.579506039619446
pressure and temperature,-28.190577507019043,-26.276058197021484
days and nights,-26.41344392299652,-32.28107476234436
land and sea,-24.72587513923645,-28.245144605636597
north and west,-26.389598608016968,-26.61990714073181
spring and summer,-26.554173707962036,-31.519805908203125
magazines and newspapers,-26.86565935611725,-26.75365662574768
hands and knees,-24.692434549331665,-31.940913677215576
moon and sun,-30.840176105499268,-26.663612246513367
fathers and mothers,-23.587069749832153,-27.290260523557663
city and county,-29.473275184631348,-31.133906841278076
ears and eyes,-26.81973171234131,-23.46052372455597
college and school,-30.18277931213379,-29.62120270729065
college and university,-29.142662048339844,-32.141536712646484
dark and light,-25.993417024612427,-22.98843824863434
future and past,-31.041672229766846,-23.746641397476196
evening and morning,-34.22753381729126,-29.325214624404907
ice and snow,-26.692652225494385,-26.742208808660507
husbands and wives,-25.579259604215622,-29.03023600578308
boys and men,-26.878544330596924,-25.713659524917603
bread and butter,-20.528287529945374,-28.892765522003174
head and shoulders,-24.546802520751953,-29.461272716522217
rock and roll,-23.30180431716144,-32.01035785675049
testament and will,-36.10385179519653,-33.03005123138428
engineers and scientists,-32.50869274139404,-28.750558853149414
man and wife,-22.893473625183105,-31.464075922966003
arms and hands,-27.876700401306152,-26.744556665420532
math and science,-24.851920306682587,-27.28304100036621
son and wife,-26.274056434631348,-26.453033804893494
fingers and thumb,-28.618088722229004,-25.036104440689087
flesh and skin,-29.246659874916077,-28.909615993499756
life and religion,-31.011455535888672,-31.18098258972168
colonel and mrs.,-29.876739762723446,-34.37176224589348
conscience and religion,-32.93677520751953,-32.49187612533569
contemporary and friend,-36.396575927734375,-39.28811693191528
pain and pressure,-30.900803089141846,-33.03495979309082
integrity and unity,-33.75887107849121,-35.464141607284546
flowers and hearts,-32.864089488983154,-30.421887397766113
grapefruit and oranges,-38.61600807779905,-30.93751687789336
Kingston and Montreal,-42.84989404678345,-41.84824347496033
folklore and legend,-31.469484329223633,-28.601418554782867
doctors and fathers,-31.926716327667236,-30.787545442581177
contraction and dilation,-35.52534391358495,-33.937754921615124
ships and weapons,-31.255621433258057,-29.88292407989502
funnels and masts,-40.517655432224274,-40.36449307203293
law and sovereignty,-38.272579269250855,-35.293167129893845
assurance and dignity,-35.477482318878174,-36.428817354142666
mr. and mrs.,-23.802013436332345,-29.339612473733723
bride and groom,-24.679092794656754,-29.664668798446655
feet and legs,-26.248359203338623,-25.86783480644226
peace and quiet,-24.918702483177185,-29.51800537109375
daughter and son,-27.22219681739807,-24.942811727523804
ends and odds,-39.39182186126709,-21.54569852538407
city and state,-27.54655408859253,-30.10469341278076
facts and figures,-27.037068247795105,-35.29409217834473
man and nature,-26.27423095703125,-29.123047828674316
prose and verse,-31.987689971923828,-29.384164333343506
body and head,-30.5888032913208,-25.570252895355225
command and control,-25.802427232265472,-29.995765686035156
child and wife,-31.00826644897461,-24.59532880783081
aunt and uncle,-24.5380437374115,-25.673398733139038
cattle and horses,-29.288456916809082,-27.484800577163696
politics and religion,-29.71073317527771,-29.438656091690063
July and June,-32.13296556472778,-30.111374378204346
sailors and soldiers,-31.76523232460022,-26.746004819869995
English and German,-28.130147457122803,-28.40415930747986
food and shelter,-24.97892928123474,-29.678804874420166
sights and sounds,-27.213449478149414,-36.926405131816864
comings and goings,-39.05950527917594,-46.80896592140198
heir and son,-28.907750606536865,-29.43221664428711
coat and hat,-28.17028260231018,-30.52909231185913
crime and punishment,-26.918453693389893,-34.931522369384766
earth and sky,-26.536450624465942,-30.593616008758545
faith and love,-25.279056072235107,-27.201749563217163
mother and son,-24.714801788330078,-25.6478910446167
cents and dollars,-37.97361159324646,-27.017152830958366
turns and twists,-32.68184503912926,-24.078320741653442
fire and police,-30.941837310791016,-27.360825777053833
months and years,-25.241366505622864,-24.845760107040405
editor and publisher,-31.51546359062195,-31.924946308135986
aunts and uncles,-27.908722873944498,-25.47264432892007
research and training,-27.601139068603516,-29.007941961288452
eyes and hair,-26.306191444396973,-25.642027139663696
methods and principles,-33.81991505622864,-30.868592262268066
city and country,-26.371371150016785,-29.85404348373413
bread and cheese,-21.890249013900757,-26.545660734176636
location and size,-30.416320323944092,-31.247432470321655
childhood and infancy,-33.310683250427246,-31.117926359176636
morning and night,-27.661523312330246,-34.9755277633667
council and governor,-37.157105922698975,-32.937825202941895
age and day,-33.06035280227661,-30.283494234085083
body and face,-31.013926029205322,-27.523788452148438
hair and skin,-27.844130516052246,-27.52481436729431
nitrogen and oxygen,-28.635215163230896,-29.12231969833374
piano and violin,-29.770299434661865,-29.51451873779297
ceiling and walls,-29.3931086063385,-28.130452871322632
color and texture,-27.851599073037505,-31.110605716705322
environment and heredity,-42.557535111904144,-37.40467834472656
everybody and everything,-29.31858992576599,-27.333401918411255
bacon and eggs,-25.46927237510681,-22.673641085624695
paper and pen,-32.040696144104004,-24.576452255249023
concrete and steel,-30.159252643585205,-26.201881647109985
color and light,-27.721025466918945,-28.70549964904785
friends and relations,-27.489731550216675,-34.428192138671875
boots and shoes,-29.4351966381073,-29.99234914779663
hearing and sight,-34.60193729400635,-28.422988891601562
expense and time,-34.29187631607056,-32.82189607620239
flowers and plants,-28.315714597702026,-26.2815158367157
beauty and truth,-29.89940643310547,-32.428213596343994
bone and flesh,-27.376237154006958,-24.6711984872818
doubts and fears,-26.311679780483246,-37.649845600128174
fits and starts,-27.978143095970154,-38.671393394470215
light and sound,-28.40845489501953,-29.12366485595703
beauty and youth,-31.324453353881836,-28.936381578445435
fiction and poetry,-31.901930332183838,-27.841461658477783
needle and thread,-23.87800487317145,-30.49461603164673
back and shoulders,-34.19319987297058,-29.306859493255615
crime and violence,-29.22771453857422,-31.90780210494995
force and violence,-29.63343048095703,-33.89376354217529
eggs and ham,-24.488548278808594,-24.829352259635925
bone and muscle,-27.19965672492981,-30.380144357681274
debate and discussion,-32.98671627044678,-34.9767427444458
errors and omissions,-36.73444246697909,-36.51484381407499
brother and mother,-30.659842491149902,-27.807936191558838
face and figure,-30.583977699279785,-34.08238220214844
chairs and table,-30.116881370544434,-23.846694946289062
ammunition and guns,-30.89297580718994,-26.07020080089569
Concord and Lexington,-34.729290038347244,-32.46708044502884
ice and water,-26.217681407928467,-26.606584310531616
fun and games,-25.82490360736847,-30.931632041931152
breakfast and dinner,-24.360533595085144,-28.96256113052368
comfort and ease,-31.544565439224243,-28.8276104927063
father and uncle,-29.970561027526855,-32.287739276885986
health and spirits,-29.849602937698364,-32.96325492858887
names and numbers,-26.903526782989502,-27.82751703262329
rights and wrongs,-31.978556841611862,-36.52596616744995
crannies and nooks,-41.719557891599834,-36.065616447944194
power and resources,-31.446223258972168,-31.143277168273926
flame and smoke,-29.312880039215088,-28.40153169631958
faith and life,-27.905412673950195,-29.2128267288208
wisdom and wit,-31.281017780303955,-29.607706546783447
novelist and poet,-30.272075295448303,-33.26391077041626
Arizona and California,-32.81490182876587,-32.86690950393677
crops and livestock,-31.545932287583128,-34.780730409314856
glass and steel,-28.43813180923462,-27.14265537261963
bar and grill,-35.51442571915686,-29.32003903388977
influence and prestige,-35.341072430834174,-37.43330407142639
cotton and tobacco,-31.377691745758057,-29.393211841583252
church and community,-33.38008403778076,-35.553969860076904
courage and hope,-29.362465858459473,-28.933958053588867
teaching and writing,-30.71227765083313,-31.082246780395508
example and precept,-43.099036693573,-39.214487075805664
gin and tonic,-24.451455362141132,-32.41665875911713
brush and trees,-32.6840386390686,-29.118637084960938
pad and pencil,-35.49808168411255,-33.056583642959595
chair and table,-28.91659379005432,-27.946813106536865
houses and shops,-29.132429599761963,-31.474965810775757
libraries and museums,-33.89850449562073,-30.155590057373047
flames and smoke,-32.99290895462036,-29.735644817352295
guidance and information,-32.696345806121826,-33.93671369552612
stress and tension,-29.694172143936157,-32.359238624572754
days and years,-28.026567220687866,-28.709206581115723
actions and feelings,-30.466797351837158,-29.909043073654175
energy and money,-30.70054841041565,-28.631577968597412
anguish and pain,-34.20590916555375,-30.406728261448734
colors and forms,-30.373690128326416,-31.94081950187683
meaning and origin,-38.21286582946777,-31.95009422302246
freedom and security,-29.229039192199707,-31.90539264678955
gratitude and joy,-32.62827444076538,-31.243040800094604
mamma and papa,-29.65080165863037,-28.852661609649658
length and weight,-25.714779376983643,-29.693015575408936
anger and hatred,-29.06417489051819,-29.767436504364014
aircraft and ships,-32.58943724632263,-30.56474232673645
sidewalks and streets,-32.734469532966614,-34.051391234621406
democracy and liberty,-30.122687816619873,-31.780860900878906
iron and wood,-27.7531795501709,-29.215407133102417
horses and wagons,-31.049465227872133,-32.24332284927368
clarity and precision,-36.5140608921065,-35.82316772872582
flowers and herbs,-29.39353919029236,-30.271430492401123
confusion and fear,-33.67613959312439,-29.28652811050415
jaws and teeth,-32.3677191734314,-29.051859378814697
counties and towns,-31.05758786201477,-34.061662912368774
bodies and faces,-33.791611671447754,-30.90265202522278
ability and desire,-36.96560573577881,-34.27268600463867
chest and stomach,-29.663137435913086,-33.46912908554077
Illinois and Missouri,-31.231216192245483,-31.377066135406494
jams and jellies,-27.141946777701378,-36.212565660476685
Tories and Whigs,-36.40300750732422,-38.783196210861206
dogs and men,-26.606361389160156,-25.37553310394287
discussion and thought,-38.09670639038086,-33.41713762283325
distress and pain,-29.699909210205078,-31.047257900238037
mouth and nostrils,-32.38451444951352,-33.829438760876656
cakes and pies,-29.38693404197693,-29.23830485343933
adventure and romance,-29.228978157043457,-33.39929795265198
agreements and contracts,-33.64065828919411,-29.609783045583754
crime and poverty,-31.969285488128662,-32.52160286903381
cousins and uncles,-35.778562049847096,-24.016883373260498
fire and light,-26.22786235809326,-28.300379753112793
child and husband,-32.31299448013306,-28.407240509986877
vinegar and water,-28.9427208006382,-29.168831324670464
fork and spoon,-27.775469422340393,-29.456031799316406
Burma and India,-33.8394877910614,-31.199128531385213
fruit and nuts,-28.359604835510254,-30.013068675994873
ability and strength,-33.70911359786987,-28.936565399169922
agencies and individuals,-35.72330594062805,-31.10562801361084
c. and d.,-30.903618156909943,-30.059799291193485
coffee and sandwiches,-27.80656599998474,-26.728802919387817
coffee and toast,-26.894518613815308,-29.675477743148804
artillery and mortar,-32.67249858379364,-31.41208291053772
anger and anxiety,-29.368348360061646,-32.83871555328369
apprehension and fear,-31.470200061798096,-32.20030105809565
figures and words,-36.454952239990234,-30.260960340499878
blood and guts,-23.638208866119385,-31.984458923339844
action and character,-32.25909090042114,-28.864845752716064
diamonds and rubies,-28.5457524061203,-34.548746824264526
plans and projects,-32.72161364555359,-32.37205219268799
jacket and trousers,-31.14199995994568,-29.840235948562622
kind and quantity,-33.39960527420044,-37.929458141326904
family and neighborhood,-32.66191625595093,-34.69681739807129
nights and weekends,-31.913603782653354,-34.73097801182848
labor and money,-30.40103578567505,-30.55058765411377
shower and tub,-33.782328605651855,-38.956989765167236
aggression and hostility,-30.378010168671608,-34.0828961879015
information and material,-33.26012659072876,-32.33657741546631
despair and rage,-37.01715874671936,-32.24963068962097
improvements and land,-37.49147272109985,-36.120168685913086
landings and takeoffs,-42.19711208343506,-35.89479041099548
novels and tales,-33.919010639190674,-34.981032848358154
corruption and crime,-30.975466012954712,-28.447274923324585
anthropology and psychology,-33.510000467300415,-30.19712155556772
lecturer and writer,-34.39053988456726,-35.80432484974153
curettage and dilatation,-45.59803333878517,-46.10047675669193
fog and mist,-32.19297695159912,-29.19251012802124
field and stream,-34.57412052154541,-35.72336483001709
dates and events,-28.65187168121338,-35.23525428771973
belly and chest,-31.609033584594727,-31.813117027282715
power and scope,-32.63155126571655,-34.97731566429138
counterpoint and harmony,-39.392394065856934,-38.663179874420166
pain and shame,-30.148454189300537,-30.683064460754395
doorways and windows,-30.08102250099182,-34.14635872840881
history and identity,-33.41478419303894,-33.542402505874634
anger and indignation,-31.181867911480367,-28.058289647102356
cream and peaches,-30.524507999420166,-26.35619020462036
classmates and friends,-30.307973265647888,-34.17836111783981
movements and positions,-34.408199310302734,-31.99192523956299
barrels and boxes,-32.27069330215454,-30.253185272216797
costumes and masks,-34.035706426016986,-30.963128685951233
attractions and repulsions,-40.71518324222416,-36.56932865828276
effort and resources,-33.37647008895874,-34.56590414047241
ability and age,-37.692776679992676,-31.718217849731445
babylon and nineveh,-37.14689714566339,-38.75718276202679
love and veneration,-36.179353492334485,-33.87285935878754
editing and publishing,-36.711848974227905,-34.15217399597168
cysts and tumors,-38.40939837694168,-36.65898323059082
dirt and sweat,-26.757425785064697,-32.40663194656372
dreams and plans,-30.123701572418213,-31.023837089538574
farms and fields,-32.06268835067749,-32.37694001197815
cause and consequence,-36.32033443450928,-41.39440393447876
fungicides and insecticides,-40.07766995768179,-34.36957266042009
choice and decision,-32.809051513671875,-32.65297746658325
confusion and turmoil,-37.79917249898426,-35.10568249411881
magic and superstition,-31.389798453077674,-32.316622361540794
machinery and power,-30.596688985824585,-33.96161651611328
education and skill,-32.310640811920166,-30.154632806777954
forms and materials,-33.862971782684326,-33.26584768295288
length and quality,-34.95706534385681,-32.677804946899414
inclination and time,-35.152042508125305,-35.991949304938316
help and understanding,-30.2123122215271,-33.18853569030762
closets and drawers,-38.18114577233791,-34.41331763193011
friends and partners,-31.6110622882843,-28.87257218360901
receivers and senders,-51.231376990675926,-37.55271062068641
authority and force,-33.69445323944092,-33.30796480178833
fear and want,-31.252111434936523,-32.62468719482422
trees and underbrush,-32.23793164419476,-37.233043097076006
bacon and coffee,-32.201536417007446,-29.5469331741333
december and may,-32.12058353424072,-32.773005962371826
grains and seeds,-31.227216243743896,-32.032634258270264
beauty and color,-31.74732780456543,-29.708518028259277
legs and torso,-31.117751829326153,-40.48350763320923
transportation and utilities,-35.44161375053227,-34.65306830406189
hardships and trials,-35.34114623069763,-31.995141983032227
science and tactics,-31.409001350402832,-33.55170679092407
neighborhood and school,-35.374714851379395,-33.656898021698
irony and satire,-37.264048516750336,-38.21711744368076
kitchen and pantry,-31.13394435122609,-39.11231970787048
astronomy and geology,-32.93763340264559,-32.7289840024896
development and practice,-32.2547504901886,-31.136250257492065
aloes and myrrh,-39.00650477223098,-40.26857778429985
feet and heads,-29.503243446350098,-32.369150161743164
snow and water,-32.063918113708496,-28.17892289161682
back and hips,-35.50262176990509,-31.856401205062866
bombers and missiles,-36.60957145690918,-32.76261557638645
argument and debate,-33.2790732383728,-35.261420249938965
doubts and suspicions,-31.06949269652614,-36.04238760750741
laborers and servants,-32.56677828729153,-36.764815699192695
arms and faces,-28.938416004180908,-33.6746129989624
chrome and glass,-34.795487105846405,-32.217265862738714
paris and washington,-33.08883047103882,-33.72638559341431
arm and back,-29.272847652435303,-33.51196265220642
emotion and meaning,-36.95769453048706,-36.692073822021484
bushes and vines,-33.24500894546509,-34.68723011016846
aims and ends,-31.350276947021484,-40.483351707458496
authority and independence,-32.4518461227417,-34.006755352020264
crises and problems,-34.48274040222168,-36.135232627391815
bathrobe and slippers,-37.310436725616455,-46.60074019432068
generalists and specialists,-37.323125122115016,-41.304368019104004
boredom and loneliness,-33.611403331160545,-35.59557163646605
excitement and fatigue,-35.125134714879096,-35.36639886721969
fun and pleasure,-31.583863258361816,-31.38082242012024
individualism and socialism,-30.229708790779114,-32.68860623985529
fields and homes,-34.39676809310913,-35.447503089904785
brow and cheeks,-34.065205574035645,-35.7973427772522
certainty and security,-32.251012563705444,-36.89952617883682
artist and critic,-33.70989418029785,-34.42732119560242
20s and 30s,-27.422318454482593,-31.875878158956766
brick and glass,-34.54650807380676,-32.6095290184021
gas and light,-27.954954147338867,-29.43925714492798
dentist and doctor,-31.805789947509766,-32.10337257385254
bourbon and water,-31.25235801935196,-35.036833885125816
habitat and habits,-36.33148145675659,-40.65110111236572
cuts and wounds,-34.476874589920044,-31.219324111938477
palm and pine,-33.25969696044922,-31.717474460601807
fish and vegetable,-28.302555799484253,-34.05308532714844
initials and names,-29.05870020389557,-29.241815022658557
fury and pain,-37.25706386566162,-30.26492929458618
gentleness and sweetness,-35.547001630067825,-29.38202530532726
statesmen and warriors,-36.435277700424194,-37.298004537820816
experiences and reactions,-35.18605422973633,-35.966614723205566
bitterness and disappointment,-34.449956487864256,-34.02074334587087
action and mind,-33.225799560546875,-27.659608125686646
comedy and satire,-35.96202200651169,-31.997575283050537
enthusiasm and warmth,-35.889692306518555,-33.7771110534668
body and breath,-32.00958776473999,-33.007638692855835
beauty and brains,-32.390021324157715,-30.934385299682617
hotels and pensions,-40.22450137138367,-35.94315433502197
comb and wattles,-32.31461000442505,-34.5002806186676
imagination and originality,-36.65227633714676,-36.617427825927734
ears and hair,-28.88580846786499,-28.976179122924805
brush and logs,-37.46828651428223,-33.178043603897095
importance and validity,-35.63729291409254,-34.994574546813965
money and papers,-32.36117219924927,-28.44031000137329
pies and puddings,-32.020828012377024,-33.84477412700653
eloquence and force,-35.22203662991524,-37.970755766611546
soil and topography,-32.470526576042175,-38.093793869018555
blossom and leaf,-35.00773525238037,-30.471596240997314
desolation and misery,-36.35753953456879,-35.83532904833555
organizations and states,-33.55004167556763,-34.036816120147705
boots and jacket,-31.620004177093506,-31.980736017227173
confusions and contradictions,-36.499826326966286,-35.79665797203779
flames and sparks,-35.677114464342594,-33.3205571770668
danger and threat,-35.74747371673584,-32.88769483566284
determination and faith,-32.93100547790527,-30.5701642036438
berlin and frankfurt,-32.37738360464573,-34.6552836894989
clothes and dishes,-31.777281284332275,-29.564764738082886
comfort and companionship,-34.596642911434174,-33.687047123909
background and interest,-34.16826295852661,-32.76864004135132
glass and rubber,-30.745914936065674,-33.1341667175293
color and scent,-34.04690074920654,-32.0280864238739
interest and payments,-35.29230546951294,-36.98509216308594
gambling and vice,-35.002694606781006,-37.99788570404053
activities and places,-35.143922328948975,-35.05161952972412
elegance and purity,-31.623862167820334,-30.225618818440125
leaves and limbs,-35.89942502975464,-33.37126708030701
power and trade,-33.90082025527954,-32.226768493652344
games and races,-31.157484531402588,-31.910785675048828
evenings and sundays,-32.89689678605646,-34.006308456882834
activity and nature,-34.941917419433594,-34.536285400390625
sun and weather,-31.669606685638428,-31.85962963104248
leather and paper,-29.7233669757843,-31.82195520401001
rudder and stick,-38.489030838012695,-27.41414652019739
contraction and dilatation,-41.72431015968323,-38.98046097904444
anguish and rage,-36.69724801275879,-34.11422794367536
shooting and yelling,-37.8804087638855,-33.89007806777954
arches and piers,-35.80282735824585,-40.06036567687988
investment and risk,-32.83779716491699,-31.95146155357361
control and growth,-33.30972719192505,-32.27060508728027
happiness and pain,-31.12824773788452,-31.128944873809814
Egypt and Europe,-32.594887256622314,-31.67007827758789
order and truth,-34.9929838180542,-32.742740631103516
factories and industries,-29.392181873321533,-33.768831968307495
name and year,-28.44436502456665,-35.20313835144043
river and sky,-32.33047533035278,-30.614994525909424
detection and removal,-35.09164094924927,-36.34386103320867
breakfast and luncheon,-30.148001016117632,-36.3358941078186
attitude and experience,-31.811469078063965,-33.541884899139404
pilot and plane,-31.414921760559082,-32.770018577575684
malaria and typhoid,-33.41442555189133,-31.746814981102943
technology and time,-30.276184558868408,-34.24157667160034
economist and historian,-35.35820937156677,-36.35543179512024
muskets and swords,-35.1681067943573,-32.382236930017825
character and wisdom,-32.055333614349365,-31.90599822998047
azaleas and camellias,-42.9094420671463,-40.16147427074611
silence and space,-33.148427963256836,-34.05161762237549
fingers and mouth,-29.119812488555908,-29.558302879333496
power and variety,-32.897080421447754,-34.60515594482422
cliches and stereotypes,-40.921362191438675,-40.05999579053605
habits and movements,-35.60785388946533,-32.82081747055054
shirt and waistcoat,-30.71053284406662,-32.404873728752136
boardinghouses and hotels,-36.52849793434143,-35.078789710998535
stucco and wood,-32.420447666198015,-34.65185619983822
activities and character,-35.42836904525757,-33.234341621398926
happiness and warmth,-35.27282238006592,-30.269338607788086
fulfillment and pleasure,-34.65502405166626,-34.197871865238994
means and motives,-35.62750621885061,-37.4484920501709
fear and relief,-35.41709756851196,-32.51719403266907
despair and futility,-37.75458997488022,-35.81464958190918
ash and maple,-36.71753931045532,-31.48591375350952
beauty and inspiration,-33.91026592254639,-33.49740219116211
clippings and pictures,-37.25919270515442,-35.43446783977561
liquids and powders,-34.186214342713356,-32.74758329987526
domination and influence,-35.65502405166626,-35.27794659137726
action and conversation,-33.064494609832764,-33.41864013671875
pattern and sequence,-32.82211875915527,-31.787625312805176
detective and police,-34.217305183410645,-31.270800590515137
church and graveyard,-36.88477945327759,-35.38730072975159
habits and thought,-37.245580196380615,-30.794613361358643
gardens and lawn,-36.774662017822266,-28.88657236099243
powers and processes,-36.20472812652588,-36.027719497680664
machinery and tractors,-35.637580923736095,-34.07231232523918
ammo and weapons,-34.308409690856934,-31.899305000901222
clay and wax,-37.2452278137207,-28.444883108139038
associations and enterprises,-39.59205033397302,-42.03212928771973
grace and modesty,-35.890156865119934,-31.071565866470337
brains and talent,-30.228232383728027,-34.15622806549072
comedy and humor,-30.819591522216797,-29.665997982025146
certainty and order,-34.09954333305359,-39.11601197719574
discretion and moderation,-35.75125120766461,-37.43548826733604
attention and civility,-37.98408877570182,-35.47751450538635
captain and leader,-30.766043663024902,-37.48078441619873
control and intelligence,-31.6856689453125,-30.854020595550537
grease and sweat,-35.41214418411255,-34.06364043056965
comprehension and control,-30.104897491633892,-33.36463548336178
hallucinations and visions,-33.92432087659836,-31.38126972876489
commands and statements,-37.51695132255554,-35.31530165672302
shots and shouts,-34.68982982635498,-34.874961853027344
cost and upkeep,-38.67009365558624,-40.04717826843262
men and objects,-29.763429880142212,-34.27714443206787
fragrance and taste,-30.061827182769775,-31.464975056122057
betrayal and murder,-32.0074080824852,-30.81345111876726
bacteria and insects,-29.4468994140625,-31.11249041557312
confusion and congestion,-41.05295180378016,-38.85985367745161
facts and techniques,-32.78190350532532,-33.77591514587402
anger and spite,-33.1428427696228,-34.57659912109375
money and numbers,-31.278910636901855,-30.952284812927246
boulders and ledges,-38.51304680109024,-34.01034664269537
abolition and emancipation,-35.38190752505761,-38.750664591772875
nationalism and sovereignty,-36.31322592796096,-36.51206000222737
tensions and uncertainties,-37.593018770217896,-37.1481953933835
beauty and poise,-34.894262820482254,-38.21425247192383
background and intelligence,-34.823949337005615,-34.031919956207275
battle and bloodshed,-37.74174429103732,-37.15147864818573
fairness and moderation,-32.91202326864004,-37.665579319000244
back and behind,-30.669474124908447,-30.151710033416748
ammunition and baggage,-34.116429418325424,-33.100836992263794
apprehension and terror,-33.35223072767258,-34.74901225976646
head and teeth,-32.05866098403931,-30.504087924957275
life and promise,-34.095144748687744,-31.24666738510132
cod and salmon,-34.09237194061279,-30.925116062164307
archaeologists and geologists,-29.958145290613174,-34.97200697194785
chopping and sawing,-33.93180316872895,-33.88398000597954
anxiety and dismay,-35.423020124435425,-35.304261207580566
resources and riches,-36.202665351331234,-32.41878592967987
personnel and ships,-34.62136697769165,-33.948365688323975
school and service,-34.408456325531006,-33.534077644348145
a.b. and m.a.,-37.10875684581697,-39.515159107744694
bandits and outlaws,-33.14123305119574,-32.75999613851309
arsenic and strychnine,-33.45134889666224,-34.028439627960324
drudgery and monotony,-38.16565699875355,-39.46392954606563
secrecy and stealth,-36.07805387675762,-35.41695133410394
soldiers and subjects,-31.17277193069458,-38.413246154785156
chagrin and embarrassment,-42.1985630095005,-44.26605808734894
barges and towboats,-42.249266663973685,-37.571617640554905
celebration and ritual,-36.60566997528076,-32.10871696472168
searching and yearning,-35.83873550686985,-34.90788674354553
letters and magazines,-32.670607805252075,-30.942081928253174
flight and terror,-37.06623649597168,-34.99768781661987
caresses and endearments,-37.768272168934345,-37.833510875701904
gaiety and spirit,-33.66014385223389,-36.97733235359192
disdain and indifference,-37.30321273138543,-31.864772376604378
liberalism and progress,-33.794607400894165,-37.63719046115875
blame and hate,-30.768362522125244,-30.32239556312561
color and imagery,-36.83609250187874,-35.44006562232971
intonation and phrasing,-39.22481307387352,-36.37239009514451
abasement and humiliation,-36.24666841305043,-40.57222402328625
commercialism and materialism,-37.871040888130665,-36.59699794650078
education and industrialization,-33.26529788970947,-33.73047375679016
foreboding and gloom,-40.10876843333244,-36.54618199169636
firepower and speed,-36.29691028594971,-37.49344778060913
