backend,term,estimate,se,zvalue,model
lmer,item_logodds_singleprompt,0.16103529121703097,0.017487774178908393,9.208449832984005,qing-yao/baseline_nb150k_160M_ep10_lr1e-4_seed42
lmer,item_logodds_singleprompt,0.23792889636581474,0.01509905200924924,15.757869846402702,qing-yao/baseline_nb150k_160M_ep1_lr1e-4_seed42
lmer,item_logodds_singleprompt,0.08704929183068864,0.018916885122156946,4.60167153675473,qing-yao/baseline_nb150k_160M_ep5_lr1e-4_seed42
lmer,item_logodds_singleprompt,0.11631945252299232,0.008630339459500586,13.477969559464281,qing-yao/baseline_nb150k_410M_ep10_lr1e-4_seed42
lmer,item_logodds_singleprompt,0.28162723792053396,0.016472602907239495,17.096705329839672,qing-yao/baseline_nb150k_410M_ep1_lr1e-4_seed42
lmer,item_logodds_singleprompt,0.1590279792025126,0.010752131193027162,14.79036819283264,qing-yao/baseline_nb150k_410M_ep5_lr1e-4_seed42
lmer,item_logodds_singleprompt,0.18565115042110744,0.015732508309743775,11.800480048443783,qing-yao/baseline_nb150k_70M_ep10_lr1e-4_seed42
lmer,item_logodds_singleprompt,0.20397700557945736,0.013471370201937964,15.141518830067756,qing-yao/baseline_nb150k_70M_ep1_lr1e-4_seed42
lmer,item_logodds_singleprompt,0.19573075135742973,0.016630931957078588,11.769078958568,qing-yao/baseline_nb150k_70M_ep5_lr1e-4_seed42
lmer,item_logodds_singleprompt,0.15124760541549181,0.012678929274366429,11.92905190513808,qing-yao/baseline_nb300k_160M_ep10_lr1e-4_seed42
lmer,item_logodds_singleprompt,0.2454835085534102,0.016886750795159923,14.53704809949411,qing-yao/baseline_nb300k_160M_ep1_lr1e-4_seed42
lmer,item_logodds_singleprompt,0.164314835952808,0.016577106657139233,9.912154114182695,qing-yao/baseline_nb300k_160M_ep5_lr1e-4_seed42
lmer,item_logodds_singleprompt,0.09437259770463227,0.007975971089556479,11.832113813476733,qing-yao/baseline_nb300k_410M_ep10_lr1e-4_seed42
lmer,item_logodds_singleprompt,0.24657855278122254,0.015744172457103335,15.661575954725592,qing-yao/baseline_nb300k_410M_ep1_lr1e-4_seed42
lmer,item_logodds_singleprompt,0.11299022644328031,0.010918333473623261,10.34866966797126,qing-yao/baseline_nb300k_410M_ep5_lr1e-4_seed42
lmer,item_logodds_singleprompt,0.16022945816781112,0.013889217249547534,11.536248248477133,qing-yao/baseline_nb300k_70M_ep10_lr1e-4_seed42
lmer,item_logodds_singleprompt,0.2162614456642423,0.014583291369275634,14.82939894623968,qing-yao/baseline_nb300k_70M_ep1_lr1e-4_seed42
lmer,item_logodds_singleprompt,0.19353641076529726,0.016176331659491786,11.964171781291087,qing-yao/baseline_nb300k_70M_ep5_lr1e-4_seed42
lmer,item_logodds_singleprompt,0.18997029307104332,0.01543879142020681,12.304738622377124,qing-yao/baseline_nb50k_160M_ep10_lr1e-4_seed42
lmer,item_logodds_singleprompt,0.2688721668604346,0.01597501234821137,16.830795557446855,qing-yao/baseline_nb50k_160M_ep1_lr1e-4_seed42
lmer,item_logodds_singleprompt,0.17963460200789666,0.013213871835999341,13.594395665205967,qing-yao/baseline_nb50k_160M_ep5_lr1e-4_seed42
lmer,item_logodds_singleprompt,0.1498242881983406,0.010909878884173873,13.732901142988785,qing-yao/baseline_nb50k_410M_ep10_lr1e-4_seed42
lmer,item_logodds_singleprompt,0.28769678914177627,0.0163168028650322,17.63193387341378,qing-yao/baseline_nb50k_410M_ep1_lr1e-4_seed42
lmer,item_logodds_singleprompt,0.18491891641325248,0.01351128267414069,13.686259171171786,qing-yao/baseline_nb50k_410M_ep5_lr1e-4_seed42
lmer,item_logodds_singleprompt,0.1736414293054321,0.014089539965250258,12.324137603760855,qing-yao/baseline_nb50k_70M_ep10_lr1e-4_seed42
lmer,item_logodds_singleprompt,0.2518870993942333,0.015395195940230406,16.361409128675472,qing-yao/baseline_nb50k_70M_ep1_lr1e-4_seed42
lmer,item_logodds_singleprompt,0.19215413094247927,0.01386295249510564,13.860981707202697,qing-yao/baseline_nb50k_70M_ep5_lr1e-4_seed42
lmer,item_logodds_singleprompt,0.1203498176949174,0.015132160275950175,7.953247619653594,qing-yao/genpref_n10000_nb0_160M_ep10_lr1e-4_seed42
lmer,item_logodds_singleprompt,0.22707954813769643,0.015189184770895512,14.950081361365154,qing-yao/genpref_n10000_nb0_160M_ep1_lr1e-4_seed42
lmer,item_logodds_singleprompt,0.14894405267438096,0.015403268279913165,9.6696395834781,qing-yao/genpref_n10000_nb0_160M_ep5_lr1e-4_seed42
lmer,item_logodds_singleprompt,0.09564982843166422,0.011196572596303805,8.542777498110448,qing-yao/genpref_n10000_nb0_410M_ep10_lr1e-4_seed42
lmer,item_logodds_singleprompt,0.2435213168912634,0.016876825356469265,14.429332042469483,qing-yao/genpref_n10000_nb0_410M_ep1_lr1e-4_seed42
lmer,item_logodds_singleprompt,0.12797482175558134,0.013200375242241508,9.694786656220115,qing-yao/genpref_n10000_nb0_410M_ep5_lr1e-4_seed42
lmer,item_logodds_singleprompt,0.15000113448285304,0.01649572834882384,9.093332001526823,qing-yao/genpref_n10000_nb0_70M_ep10_lr1e-4_seed42
lmer,item_logodds_singleprompt,0.19977789316390565,0.014739746099762347,13.553686190505461,qing-yao/genpref_n10000_nb0_70M_ep1_lr1e-4_seed42
lmer,item_logodds_singleprompt,0.1436669347265287,0.014804430029762587,9.704320560649954,qing-yao/genpref_n10000_nb0_70M_ep5_lr1e-4_seed42
lmer,item_logodds_singleprompt,0.14586692579458768,0.013697247278243953,10.649360621989768,qing-yao/genpref_n10000_nb150k_160M_ep10_lr1e-4_seed42
lmer,item_logodds_singleprompt,0.21822635773357144,0.013718346322941319,15.907628557869943,qing-yao/genpref_n10000_nb150k_160M_ep1_lr1e-4_seed42
lmer,item_logodds_singleprompt,0.20453245890097838,0.015055237277704522,13.585468971908726,qing-yao/genpref_n10000_nb150k_160M_ep5_lr1e-4_seed42
lmer,item_logodds_singleprompt,0.09653549971868804,0.009314520593971868,10.363979417380158,qing-yao/genpref_n10000_nb150k_410M_ep10_lr1e-4_seed42
lmer,item_logodds_singleprompt,0.2599350447970005,0.016754595214578477,15.514253938574793,qing-yao/genpref_n10000_nb150k_410M_ep1_lr1e-4_seed42
lmer,item_logodds_singleprompt,0.11801539231168173,0.010514513363081578,11.22404701353615,qing-yao/genpref_n10000_nb150k_410M_ep5_lr1e-4_seed42
lmer,item_logodds_singleprompt,0.15799180736682783,0.014239246653825104,11.095517284573923,qing-yao/genpref_n10000_nb150k_70M_ep10_lr1e-4_seed42
lmer,item_logodds_singleprompt,0.16740577853928498,0.012775987251368212,13.103157920054835,qing-yao/genpref_n10000_nb150k_70M_ep1_lr1e-4_seed42
lmer,item_logodds_singleprompt,0.1599557652301206,0.01613126450846167,9.91588509048473,qing-yao/genpref_n10000_nb150k_70M_ep5_lr1e-4_seed42
lmer,item_logodds_singleprompt,0.157474903270323,0.014135971832794645,11.140012524996001,qing-yao/genpref_n10000_nb300k_160M_ep10_lr1e-4_seed42
lmer,item_logodds_singleprompt,0.20115725670851028,0.015412646885279286,13.051441339426054,qing-yao/genpref_n10000_nb300k_160M_ep1_lr1e-4_seed42
lmer,item_logodds_singleprompt,0.1644163917581475,0.015291319358673046,10.75226982718745,qing-yao/genpref_n10000_nb300k_160M_ep5_lr1e-4_seed42
lmer,item_logodds_singleprompt,0.08263343919019255,0.009626580571040662,8.583882779600485,qing-yao/genpref_n10000_nb300k_410M_ep10_lr1e-4_seed42
lmer,item_logodds_singleprompt,0.217615963972557,0.01629916670915057,13.351355186175532,qing-yao/genpref_n10000_nb300k_410M_ep1_lr1e-4_seed42
lmer,item_logodds_singleprompt,0.15540882931773423,0.01328826699439444,11.695191659175144,qing-yao/genpref_n10000_nb300k_410M_ep5_lr1e-4_seed42
lmer,item_logodds_singleprompt,0.15124435589714916,0.015192796321173941,9.955004510023114,qing-yao/genpref_n10000_nb300k_70M_ep10_lr1e-4_seed42
lmer,item_logodds_singleprompt,0.17454917808521936,0.014787059122538177,11.804184769855592,qing-yao/genpref_n10000_nb300k_70M_ep1_lr1e-4_seed42
lmer,item_logodds_singleprompt,0.17920335363941936,0.015130138834558203,11.844131478166442,qing-yao/genpref_n10000_nb300k_70M_ep5_lr1e-4_seed42
lmer,item_logodds_singleprompt,0.14267999277655052,0.012201411498102879,11.69372845090381,qing-yao/genpref_n10000_nb50k_160M_ep10_lr1e-4_seed42
lmer,item_logodds_singleprompt,0.21717922816967336,0.014149547929638767,15.348845719286373,qing-yao/genpref_n10000_nb50k_160M_ep1_lr1e-4_seed42
lmer,item_logodds_singleprompt,0.20026583265864162,0.016844509300278594,11.88908676938006,qing-yao/genpref_n10000_nb50k_160M_ep5_lr1e-4_seed42
lmer,item_logodds_singleprompt,0.06852937706136092,0.009001980842604321,7.612699722379658,qing-yao/genpref_n10000_nb50k_410M_ep10_lr1e-4_seed42
lmer,item_logodds_singleprompt,0.2583605807679269,0.016696550033101498,15.47389013033938,qing-yao/genpref_n10000_nb50k_410M_ep1_lr1e-4_seed42
lmer,item_logodds_singleprompt,0.11659257466311514,0.012350407305233294,9.440382959168549,qing-yao/genpref_n10000_nb50k_410M_ep5_lr1e-4_seed42
lmer,item_logodds_singleprompt,0.1529711103744319,0.015044748388725696,10.16774135545305,qing-yao/genpref_n10000_nb50k_70M_ep10_lr1e-4_seed42
lmer,item_logodds_singleprompt,0.1847171400093705,0.013708779699316992,13.474367818353198,qing-yao/genpref_n10000_nb50k_70M_ep1_lr1e-4_seed42
lmer,item_logodds_singleprompt,0.16471848305608316,0.015880211811440857,10.372562092491245,qing-yao/genpref_n10000_nb50k_70M_ep5_lr1e-4_seed42
lmer,item_logodds_singleprompt,0.20646770754229,0.014416774206868545,14.321352653489095,qing-yao/genpref_n1000_nb0_160M_ep10_lr1e-4_seed42
lmer,item_logodds_singleprompt,0.27915747036167593,0.01645590919586347,16.96396516528226,qing-yao/genpref_n1000_nb0_160M_ep1_lr1e-4_seed42
lmer,item_logodds_singleprompt,0.256063890402717,0.01575918898665361,16.24854493588321,qing-yao/genpref_n1000_nb0_160M_ep5_lr1e-4_seed42
lmer,item_logodds_singleprompt,0.18206909343754446,0.014223475542460763,12.80060509078959,qing-yao/genpref_n1000_nb0_410M_ep10_lr1e-4_seed42
lmer,item_logodds_singleprompt,0.2784428845846735,0.015770159533341356,17.65631374850635,qing-yao/genpref_n1000_nb0_410M_ep1_lr1e-4_seed42
lmer,item_logodds_singleprompt,0.2361834262834888,0.01541445205536799,15.32220707133338,qing-yao/genpref_n1000_nb0_410M_ep5_lr1e-4_seed42
lmer,item_logodds_singleprompt,0.19278942920880154,0.01460954498512026,13.196128243908793,qing-yao/genpref_n1000_nb0_70M_ep10_lr1e-4_seed42
lmer,item_logodds_singleprompt,0.2617975945262827,0.015711967682068128,16.66230479999453,qing-yao/genpref_n1000_nb0_70M_ep1_lr1e-4_seed42
lmer,item_logodds_singleprompt,0.2490300909716672,0.015573010860351271,15.991133198635037,qing-yao/genpref_n1000_nb0_70M_ep5_lr1e-4_seed42
lmer,item_logodds_singleprompt,0.12573928175419555,0.015488436505702897,8.118268213056748,qing-yao/genpref_n1000_nb150k_160M_ep10_lr1e-4_seed42
lmer,item_logodds_singleprompt,0.2312619440441913,0.014322950447221745,16.14625037602149,qing-yao/genpref_n1000_nb150k_160M_ep1_lr1e-4_seed42
lmer,item_logodds_singleprompt,0.1766123119478916,0.019231958688363963,9.183272219420296,qing-yao/genpref_n1000_nb150k_160M_ep5_lr1e-4_seed42
lmer,item_logodds_singleprompt,0.11258187786242499,0.009682680184974625,11.627139976917459,qing-yao/genpref_n1000_nb150k_410M_ep10_lr1e-4_seed42
lmer,item_logodds_singleprompt,0.2809755172166074,0.016292700231648773,17.24548498540524,qing-yao/genpref_n1000_nb150k_410M_ep1_lr1e-4_seed42
lmer,item_logodds_singleprompt,0.15513429459101447,0.011498716178415736,13.491444799917522,qing-yao/genpref_n1000_nb150k_410M_ep5_lr1e-4_seed42
lmer,item_logodds_singleprompt,0.17270984002888676,0.014202293229138841,12.160700898256207,qing-yao/genpref_n1000_nb150k_70M_ep10_lr1e-4_seed42
lmer,item_logodds_singleprompt,0.20724365194730426,0.013449817485870685,15.408659051694794,qing-yao/genpref_n1000_nb150k_70M_ep1_lr1e-4_seed42
lmer,item_logodds_singleprompt,0.20432929951777148,0.015440378640729368,13.233438393718007,qing-yao/genpref_n1000_nb150k_70M_ep5_lr1e-4_seed42
lmer,item_logodds_singleprompt,0.15794408354237952,0.017083732890950748,9.245291093613533,qing-yao/genpref_n1000_nb300k_160M_ep10_lr1e-4_seed42
lmer,item_logodds_singleprompt,0.21195981169352557,0.015559685314305243,13.622371366254704,qing-yao/genpref_n1000_nb300k_160M_ep1_lr1e-4_seed42
lmer,item_logodds_singleprompt,0.19378416233972814,0.016855440870742873,11.496831428247742,qing-yao/genpref_n1000_nb300k_160M_ep5_lr1e-4_seed42
lmer,item_logodds_singleprompt,0.11236270232170763,0.010484567279531122,10.716961351478167,qing-yao/genpref_n1000_nb300k_410M_ep10_lr1e-4_seed42
lmer,item_logodds_singleprompt,0.2690012075945653,0.01763428356213326,15.254444936578052,qing-yao/genpref_n1000_nb300k_410M_ep1_lr1e-4_seed42
lmer,item_logodds_singleprompt,0.15132866933110792,0.010990196481798812,13.769423465879594,qing-yao/genpref_n1000_nb300k_410M_ep5_lr1e-4_seed42
lmer,item_logodds_singleprompt,0.1331469982461941,0.015972933781179068,8.335788532666518,qing-yao/genpref_n1000_nb300k_70M_ep10_lr1e-4_seed42
lmer,item_logodds_singleprompt,0.2037697669912098,0.01377065772932477,14.797388112935216,qing-yao/genpref_n1000_nb300k_70M_ep1_lr1e-4_seed42
lmer,item_logodds_singleprompt,0.15677116643997835,0.014324457493420935,10.944300439439441,qing-yao/genpref_n1000_nb300k_70M_ep5_lr1e-4_seed42
lmer,item_logodds_singleprompt,0.18459001552640691,0.016405189068022,11.251928567298325,qing-yao/genpref_n1000_nb50k_160M_ep10_lr1e-4_seed42
lmer,item_logodds_singleprompt,0.2673536506105646,0.015914642205402982,16.799224711429495,qing-yao/genpref_n1000_nb50k_160M_ep1_lr1e-4_seed42
lmer,item_logodds_singleprompt,0.230684077532513,0.01601416310301017,14.405003623895366,qing-yao/genpref_n1000_nb50k_160M_ep5_lr1e-4_seed42
lmer,item_logodds_singleprompt,0.09839907748967146,0.009805311741287112,10.035282924799178,qing-yao/genpref_n1000_nb50k_410M_ep10_lr1e-4_seed42
lmer,item_logodds_singleprompt,0.2780250508957016,0.016099059072678466,17.2696459861766,qing-yao/genpref_n1000_nb50k_410M_ep1_lr1e-4_seed42
lmer,item_logodds_singleprompt,0.15150991596090058,0.011670754251909726,12.982015788406176,qing-yao/genpref_n1000_nb50k_410M_ep5_lr1e-4_seed42
lmer,item_logodds_singleprompt,0.16848076404769408,0.015092735740041672,11.16303677143882,qing-yao/genpref_n1000_nb50k_70M_ep10_lr1e-4_seed42
lmer,item_logodds_singleprompt,0.252626401242435,0.015440573297708655,16.361206049254932,qing-yao/genpref_n1000_nb50k_70M_ep1_lr1e-4_seed42
lmer,item_logodds_singleprompt,0.2097341987743127,0.014808494527105516,14.163100671065148,qing-yao/genpref_n1000_nb50k_70M_ep5_lr1e-4_seed42
lmer,item_logodds_singleprompt,0.12290150644800206,0.01519050938924648,8.09067709967681,qing-yao/genpref_n5000_nb0_160M_ep10_lr1e-4_seed42
lmer,item_logodds_singleprompt,0.2660598928632843,0.015931820521338628,16.699905230976665,qing-yao/genpref_n5000_nb0_160M_ep1_lr1e-4_seed42
lmer,item_logodds_singleprompt,0.1851120390597175,0.01636350569977005,11.31249271739605,qing-yao/genpref_n5000_nb0_160M_ep5_lr1e-4_seed42
lmer,item_logodds_singleprompt,0.10160842931445177,0.01203741610787728,8.441049840252616,qing-yao/genpref_n5000_nb0_410M_ep10_lr1e-4_seed42
lmer,item_logodds_singleprompt,0.25855980320396954,0.015805864914316667,16.35847228896476,qing-yao/genpref_n5000_nb0_410M_ep1_lr1e-4_seed42
lmer,item_logodds_singleprompt,0.16819949281113752,0.014958326493755766,11.244539479824233,qing-yao/genpref_n5000_nb0_410M_ep5_lr1e-4_seed42
lmer,item_logodds_singleprompt,0.16230462191364234,0.014646464845620316,11.081487828250633,qing-yao/genpref_n5000_nb0_70M_ep10_lr1e-4_seed42
lmer,item_logodds_singleprompt,0.2495149766162679,0.015428817339581787,16.172009242481007,qing-yao/genpref_n5000_nb0_70M_ep1_lr1e-4_seed42
lmer,item_logodds_singleprompt,0.15703452067669538,0.01467706145318553,10.699316152458596,qing-yao/genpref_n5000_nb0_70M_ep5_lr1e-4_seed42
lmer,item_logodds_singleprompt,0.15677514402918488,0.017555812920044104,8.93009880791046,qing-yao/genpref_n5000_nb150k_160M_ep10_lr1e-4_seed42
lmer,item_logodds_singleprompt,0.22996309227541756,0.014531054146148071,15.825630402483688,qing-yao/genpref_n5000_nb150k_160M_ep1_lr1e-4_seed42
lmer,item_logodds_singleprompt,0.1454377835816575,0.015036612819460358,9.672243697957837,qing-yao/genpref_n5000_nb150k_160M_ep5_lr1e-4_seed42
lmer,item_logodds_singleprompt,0.07179085803667523,0.007825970680631959,9.17341259843284,qing-yao/genpref_n5000_nb150k_410M_ep10_lr1e-4_seed42
lmer,item_logodds_singleprompt,0.28224291471432933,0.01743566272294663,16.187679195174876,qing-yao/genpref_n5000_nb150k_410M_ep1_lr1e-4_seed42
lmer,item_logodds_singleprompt,0.1415444899330783,0.01335778212574712,10.596406544186056,qing-yao/genpref_n5000_nb150k_410M_ep5_lr1e-4_seed42
lmer,item_logodds_singleprompt,0.17047367040631828,0.01595152533891696,10.686982390982598,qing-yao/genpref_n5000_nb150k_70M_ep10_lr1e-4_seed42
lmer,item_logodds_singleprompt,0.17788094834016552,0.012134271891026078,14.659383763414572,qing-yao/genpref_n5000_nb150k_70M_ep1_lr1e-4_seed42
lmer,item_logodds_singleprompt,0.14827004216428377,0.01562801099965386,9.487454428306183,qing-yao/genpref_n5000_nb150k_70M_ep5_lr1e-4_seed42
lmer,item_logodds_singleprompt,0.13643010136925351,0.014386424662351719,9.483252758851314,qing-yao/genpref_n5000_nb300k_160M_ep10_lr1e-4_seed42
lmer,item_logodds_singleprompt,0.19485229246922606,0.01530265364806603,12.733235486503462,qing-yao/genpref_n5000_nb300k_160M_ep1_lr1e-4_seed42
lmer,item_logodds_singleprompt,0.10700859700036099,0.015192116391817664,7.043692546878778,qing-yao/genpref_n5000_nb300k_160M_ep5_lr1e-4_seed42
lmer,item_logodds_singleprompt,0.08825440895848152,0.009068351267562887,9.732133918782331,qing-yao/genpref_n5000_nb300k_410M_ep10_lr1e-4_seed42
lmer,item_logodds_singleprompt,0.2562072677349377,0.016625190121365176,15.41078723699427,qing-yao/genpref_n5000_nb300k_410M_ep1_lr1e-4_seed42
lmer,item_logodds_singleprompt,0.12729551386717192,0.01062482866977238,11.98094744147051,qing-yao/genpref_n5000_nb300k_410M_ep5_lr1e-4_seed42
lmer,item_logodds_singleprompt,0.12781410070591562,0.013585191480143087,9.408340021760916,qing-yao/genpref_n5000_nb300k_70M_ep10_lr1e-4_seed42
lmer,item_logodds_singleprompt,0.20464848408385064,0.014900444331772131,13.734388017374748,qing-yao/genpref_n5000_nb300k_70M_ep1_lr1e-4_seed42
lmer,item_logodds_singleprompt,0.16876016796743118,0.016236367173925723,10.393961048038271,qing-yao/genpref_n5000_nb300k_70M_ep5_lr1e-4_seed42
lmer,item_logodds_singleprompt,0.13253616399904536,0.015356987137245192,8.630349352680406,qing-yao/genpref_n5000_nb50k_160M_ep10_lr1e-4_seed42
lmer,item_logodds_singleprompt,0.24964339676594438,0.015293490047799296,16.323507321461108,qing-yao/genpref_n5000_nb50k_160M_ep1_lr1e-4_seed42
lmer,item_logodds_singleprompt,0.15196116984697078,0.02051346508775941,7.407874252197769,qing-yao/genpref_n5000_nb50k_160M_ep5_lr1e-4_seed42
lmer,item_logodds_singleprompt,0.08269348699226882,0.009212683792442406,8.976047464052348,qing-yao/genpref_n5000_nb50k_410M_ep10_lr1e-4_seed42
lmer,item_logodds_singleprompt,0.2532240892659462,0.015966966608800766,15.859248376355511,qing-yao/genpref_n5000_nb50k_410M_ep1_lr1e-4_seed42
lmer,item_logodds_singleprompt,0.12644533851751769,0.011880723500209535,10.642898853364244,qing-yao/genpref_n5000_nb50k_410M_ep5_lr1e-4_seed42
lmer,item_logodds_singleprompt,0.1709733957317934,0.01496610061702061,11.424044252204826,qing-yao/genpref_n5000_nb50k_70M_ep10_lr1e-4_seed42
lmer,item_logodds_singleprompt,0.22024211033065083,0.014711831786431992,14.970407052490188,qing-yao/genpref_n5000_nb50k_70M_ep1_lr1e-4_seed42
lmer,item_logodds_singleprompt,0.16043207767273743,0.014194070533141824,11.302753308019962,qing-yao/genpref_n5000_nb50k_70M_ep5_lr1e-4_seed42
lmer,item_logodds_singleprompt,0.1382856663847011,0.01380507328485257,10.017017913003995,qing-yao/genpref_nunique_nb0_160M_ep10_lr1e-4_seed42
lmer,item_logodds_singleprompt,0.2507863550582496,0.015658218884668423,16.016275982947484,qing-yao/genpref_nunique_nb0_160M_ep1_lr1e-4_seed42
lmer,item_logodds_singleprompt,0.18636746231009774,0.01648772436525031,11.303407200504129,qing-yao/genpref_nunique_nb0_160M_ep5_lr1e-4_seed42
lmer,item_logodds_singleprompt,0.09267699236805188,0.011172524317531487,8.29508083706981,qing-yao/genpref_nunique_nb0_410M_ep10_lr1e-4_seed42
lmer,item_logodds_singleprompt,0.26180202463657476,0.016464234441657653,15.901257089377063,qing-yao/genpref_nunique_nb0_410M_ep1_lr1e-4_seed42
lmer,item_logodds_singleprompt,0.1312647014134285,0.012697053720857429,10.33820162529518,qing-yao/genpref_nunique_nb0_410M_ep5_lr1e-4_seed42
lmer,item_logodds_singleprompt,0.1186851987266521,0.01373819417237243,8.639068369358803,qing-yao/genpref_nunique_nb0_70M_ep10_lr1e-4_seed42
lmer,item_logodds_singleprompt,0.24216505851932,0.015379340788846054,15.746127343439287,qing-yao/genpref_nunique_nb0_70M_ep1_lr1e-4_seed42
lmer,item_logodds_singleprompt,0.1575513112846566,0.014244990149113134,11.060120760733938,qing-yao/genpref_nunique_nb0_70M_ep5_lr1e-4_seed42
lmer,item_logodds_singleprompt,0.14169810044623601,0.014276646545204353,9.925166949925899,qing-yao/genpref_nunique_nb150k_160M_ep10_lr1e-4_seed42
lmer,item_logodds_singleprompt,0.23780260890165486,0.014283188478527178,16.649126296916027,qing-yao/genpref_nunique_nb150k_160M_ep1_lr1e-4_seed42
lmer,item_logodds_singleprompt,0.1978881516517506,0.01759766746183781,11.245135304487917,qing-yao/genpref_nunique_nb150k_160M_ep5_lr1e-4_seed42
lmer,item_logodds_singleprompt,0.09027863843075529,0.008478731371843939,10.647658767743417,qing-yao/genpref_nunique_nb150k_410M_ep10_lr1e-4_seed42
lmer,item_logodds_singleprompt,0.30943784991613077,0.018232075421201824,16.97216815789879,qing-yao/genpref_nunique_nb150k_410M_ep1_lr1e-4_seed42
lmer,item_logodds_singleprompt,0.1205918965104798,0.010606726624774502,11.36937914745621,qing-yao/genpref_nunique_nb150k_410M_ep5_lr1e-4_seed42
lmer,item_logodds_singleprompt,0.1496377145886545,0.015786555539776415,9.478807090731193,qing-yao/genpref_nunique_nb150k_70M_ep10_lr1e-4_seed42
lmer,item_logodds_singleprompt,0.17204541948592794,0.011925102616474314,14.42716469779055,qing-yao/genpref_nunique_nb150k_70M_ep1_lr1e-4_seed42
lmer,item_logodds_singleprompt,0.16727077101003537,0.01496582591858256,11.176848636354972,qing-yao/genpref_nunique_nb150k_70M_ep5_lr1e-4_seed42
lmer,item_logodds_singleprompt,0.11868468599365034,0.01462269321369866,8.116472407590795,qing-yao/genpref_nunique_nb300k_160M_ep10_lr1e-4_seed42
lmer,item_logodds_singleprompt,0.20004936554756667,0.01500598929164955,13.33130136637436,qing-yao/genpref_nunique_nb300k_160M_ep1_lr1e-4_seed42
lmer,item_logodds_singleprompt,0.16219741847965893,0.01649057947953137,9.835762210841862,qing-yao/genpref_nunique_nb300k_160M_ep5_lr1e-4_seed42
lmer,item_logodds_singleprompt,0.09287813038303612,0.009823618995507512,9.454573759987095,qing-yao/genpref_nunique_nb300k_410M_ep10_lr1e-4_seed42
lmer,item_logodds_singleprompt,0.24301528849680046,0.015864626566120057,15.318059172963796,qing-yao/genpref_nunique_nb300k_410M_ep1_lr1e-4_seed42
lmer,item_logodds_singleprompt,0.12440697470835231,0.010961652902844388,11.349289729477798,qing-yao/genpref_nunique_nb300k_410M_ep5_lr1e-4_seed42
lmer,item_logodds_singleprompt,0.13126452568505897,0.014829824130302066,8.851387887793196,qing-yao/genpref_nunique_nb300k_70M_ep10_lr1e-4_seed42
lmer,item_logodds_singleprompt,0.20732291567545885,0.01353878083312606,15.313263301241333,qing-yao/genpref_nunique_nb300k_70M_ep1_lr1e-4_seed42
lmer,item_logodds_singleprompt,0.17842166716608002,0.01516975052783748,11.76167444801842,qing-yao/genpref_nunique_nb300k_70M_ep5_lr1e-4_seed42
lmer,item_logodds_singleprompt,0.14948845216976175,0.014047947897747694,10.64130172306015,qing-yao/genpref_nunique_nb50k_160M_ep10_lr1e-4_seed42
lmer,item_logodds_singleprompt,0.2186110869100047,0.014654268492778285,14.917911939291791,qing-yao/genpref_nunique_nb50k_160M_ep1_lr1e-4_seed42
lmer,item_logodds_singleprompt,0.16681497722326163,0.019702735822601437,8.466589550061599,qing-yao/genpref_nunique_nb50k_160M_ep5_lr1e-4_seed42
lmer,item_logodds_singleprompt,0.0702860882036761,0.009045750571919777,7.7700670215096705,qing-yao/genpref_nunique_nb50k_410M_ep10_lr1e-4_seed42
lmer,item_logodds_singleprompt,0.28586928887049035,0.0166694527726609,17.149290547757904,qing-yao/genpref_nunique_nb50k_410M_ep1_lr1e-4_seed42
lmer,item_logodds_singleprompt,0.12239797814665708,0.01102780953199739,11.09902903124298,qing-yao/genpref_nunique_nb50k_410M_ep5_lr1e-4_seed42
lmer,item_logodds_singleprompt,0.14929865861015437,0.014264401640973272,10.466520949698076,qing-yao/genpref_nunique_nb50k_70M_ep10_lr1e-4_seed42
lmer,item_logodds_singleprompt,0.21121614994904764,0.014261289893675155,14.810452036510489,qing-yao/genpref_nunique_nb50k_70M_ep1_lr1e-4_seed42
lmer,item_logodds_singleprompt,0.16484869860827156,0.013086356933269951,12.59698932627845,qing-yao/genpref_nunique_nb50k_70M_ep5_lr1e-4_seed42
lmer,item_logodds_singleprompt,0.06522979218324178,0.014916570951252263,4.372975021968146,qing-yao/handcoded_n10000_nb0_160M_ep10_lr1e-4_seed42
lmer,item_logodds_singleprompt,0.2255714806123121,0.027468055671609686,8.212138613271318,qing-yao/handcoded_n10000_nb0_160M_ep1_lr1e-4_seed42
lmer,item_logodds_singleprompt,0.11296843882908474,0.017211714573984748,6.563462247964236,qing-yao/handcoded_n10000_nb0_160M_ep5_lr1e-4_seed42
lmer,item_logodds_singleprompt,0.06783309396788656,0.021432623085946234,3.1649459655904635,qing-yao/handcoded_n10000_nb0_410M_ep10_lr1e-4_seed42
lmer,item_logodds_singleprompt,0.19027793409598312,0.0280897433025899,6.773929261163427,qing-yao/handcoded_n10000_nb0_410M_ep1_lr1e-4_seed42
lmer,item_logodds_singleprompt,0.11802969260720357,0.027795568557491546,4.246349282730964,qing-yao/handcoded_n10000_nb0_410M_ep5_lr1e-4_seed42
lmer,item_logodds_singleprompt,0.10532445816239577,0.019664371194532876,5.356106082440015,qing-yao/handcoded_n10000_nb0_70M_ep10_lr1e-4_seed42
lmer,item_logodds_singleprompt,0.22877471511780248,0.02811277089000316,8.137750491153266,qing-yao/handcoded_n10000_nb0_70M_ep1_lr1e-4_seed42
lmer,item_logodds_singleprompt,0.14407289861978867,0.022057602014133308,6.531666430805788,qing-yao/handcoded_n10000_nb0_70M_ep5_lr1e-4_seed42
lmer,item_logodds_singleprompt,0.12313844298539088,0.025703076952967467,4.790805521483462,qing-yao/handcoded_n10000_nb150k_160M_ep10_lr1e-4_seed42
lmer,item_logodds_singleprompt,0.19030036624414995,0.023338178854258238,8.154036672378492,qing-yao/handcoded_n10000_nb150k_160M_ep1_lr1e-4_seed42
lmer,item_logodds_singleprompt,0.15547198960496933,0.028319375978111967,5.489951110685968,qing-yao/handcoded_n10000_nb150k_160M_ep5_lr1e-4_seed42
lmer,item_logodds_singleprompt,0.08804160835218272,0.01752220684565186,5.024573053366863,qing-yao/handcoded_n10000_nb150k_410M_ep10_lr1e-4_seed42
lmer,item_logodds_singleprompt,0.22645770350795102,0.03159055648191907,7.1685253039959775,qing-yao/handcoded_n10000_nb150k_410M_ep1_lr1e-4_seed42
lmer,item_logodds_singleprompt,0.1235551559130835,0.021050111928142035,5.869572396330196,qing-yao/handcoded_n10000_nb150k_410M_ep5_lr1e-4_seed42
lmer,item_logodds_singleprompt,0.16406876522271732,0.029835278276032693,5.499153173795507,qing-yao/handcoded_n10000_nb150k_70M_ep10_lr1e-4_seed42
lmer,item_logodds_singleprompt,0.13602687774384742,0.02161581639482345,6.292932696098543,qing-yao/handcoded_n10000_nb150k_70M_ep1_lr1e-4_seed42
lmer,item_logodds_singleprompt,0.20962239485647974,0.032647736588270464,6.420732852022335,qing-yao/handcoded_n10000_nb150k_70M_ep5_lr1e-4_seed42
lmer,item_logodds_singleprompt,0.11480972850639849,0.02617655269304184,4.385975871334533,qing-yao/handcoded_n10000_nb300k_160M_ep10_lr1e-4_seed42
lmer,item_logodds_singleprompt,0.169236880375208,0.029452044181185136,5.7461845206426005,qing-yao/handcoded_n10000_nb300k_160M_ep1_lr1e-4_seed42
lmer,item_logodds_singleprompt,0.1791799323766344,0.027027459272750406,6.629551470910438,qing-yao/handcoded_n10000_nb300k_160M_ep5_lr1e-4_seed42
lmer,item_logodds_singleprompt,0.10155568673836134,0.018809542124932913,5.399157835093955,qing-yao/handcoded_n10000_nb300k_410M_ep10_lr1e-4_seed42
lmer,item_logodds_singleprompt,0.21886061406358986,0.03087211907862376,7.0892643781985045,qing-yao/handcoded_n10000_nb300k_410M_ep1_lr1e-4_seed42
lmer,item_logodds_singleprompt,0.14044719192679203,0.02245575429371147,6.254396538624534,qing-yao/handcoded_n10000_nb300k_410M_ep5_lr1e-4_seed42
lmer,item_logodds_singleprompt,0.1436012160943745,0.033809742105070054,4.247332489201103,qing-yao/handcoded_n10000_nb300k_70M_ep10_lr1e-4_seed42
lmer,item_logodds_singleprompt,0.21851619682693907,0.029274091598280788,7.464491121554464,qing-yao/handcoded_n10000_nb300k_70M_ep1_lr1e-4_seed42
lmer,item_logodds_singleprompt,0.17028025306913525,0.033702356288465754,5.052473233968264,qing-yao/handcoded_n10000_nb300k_70M_ep5_lr1e-4_seed42
lmer,item_logodds_singleprompt,0.10583722162809109,0.019822578357704658,5.339225791833189,qing-yao/handcoded_n10000_nb50k_160M_ep10_lr1e-4_seed42
lmer,item_logodds_singleprompt,0.20667364317843312,0.025519552032614787,8.098639149868216,qing-yao/handcoded_n10000_nb50k_160M_ep1_lr1e-4_seed42
lmer,item_logodds_singleprompt,0.1728641349589171,0.023738479699394834,7.282022149182701,qing-yao/handcoded_n10000_nb50k_160M_ep5_lr1e-4_seed42
lmer,item_logodds_singleprompt,0.0843177939288521,0.020391293465572634,4.134989968694674,qing-yao/handcoded_n10000_nb50k_410M_ep10_lr1e-4_seed42
lmer,item_logodds_singleprompt,0.18951727062648677,0.025716062095315077,7.369606976528992,qing-yao/handcoded_n10000_nb50k_410M_ep1_lr1e-4_seed42
lmer,item_logodds_singleprompt,0.12855113946928476,0.027568131908626385,4.663034111102016,qing-yao/handcoded_n10000_nb50k_410M_ep5_lr1e-4_seed42
lmer,item_logodds_singleprompt,0.13896109470895507,0.02215330320296085,6.272703146607164,qing-yao/handcoded_n10000_nb50k_70M_ep10_lr1e-4_seed42
lmer,item_logodds_singleprompt,0.19231987330324748,0.024469880024034673,7.859453054708405,qing-yao/handcoded_n10000_nb50k_70M_ep1_lr1e-4_seed42
lmer,item_logodds_singleprompt,0.16950634282680838,0.026509649690916154,6.394137410457436,qing-yao/handcoded_n10000_nb50k_70M_ep5_lr1e-4_seed42
lmer,item_logodds_singleprompt,0.16396320624339433,0.026769816568165062,6.12492826859266,qing-yao/handcoded_n1000_nb0_160M_ep10_lr1e-4_seed42
lmer,item_logodds_singleprompt,0.2985495594546753,0.030864223782778005,9.67299749884731,qing-yao/handcoded_n1000_nb0_160M_ep1_lr1e-4_seed42
lmer,item_logodds_singleprompt,0.27262402360182914,0.028375211357654702,9.607823538846842,qing-yao/handcoded_n1000_nb0_160M_ep5_lr1e-4_seed42
lmer,item_logodds_singleprompt,0.13463569580256618,0.022580648874390544,5.962436976523777,qing-yao/handcoded_n1000_nb0_410M_ep10_lr1e-4_seed42
lmer,item_logodds_singleprompt,0.30310918640844986,0.029797879892323343,10.172172903030532,qing-yao/handcoded_n1000_nb0_410M_ep1_lr1e-4_seed42
lmer,item_logodds_singleprompt,0.23293339265576474,0.02749424746722869,8.472077402133149,qing-yao/handcoded_n1000_nb0_410M_ep5_lr1e-4_seed42
lmer,item_logodds_singleprompt,0.2223674108504521,0.025496779198509116,8.721392185231565,qing-yao/handcoded_n1000_nb0_70M_ep10_lr1e-4_seed42
lmer,item_logodds_singleprompt,0.288722464684082,0.0313179651911091,9.21906844592981,qing-yao/handcoded_n1000_nb0_70M_ep1_lr1e-4_seed42
lmer,item_logodds_singleprompt,0.27959232426758945,0.030154004278109235,9.272145804879514,qing-yao/handcoded_n1000_nb0_70M_ep5_lr1e-4_seed42
lmer,item_logodds_singleprompt,0.13414552613885347,0.028446874281502502,4.715650823756099,qing-yao/handcoded_n1000_nb150k_160M_ep10_lr1e-4_seed42
lmer,item_logodds_singleprompt,0.2473256086134901,0.026483499301286396,9.338856840624404,qing-yao/handcoded_n1000_nb150k_160M_ep1_lr1e-4_seed42
lmer,item_logodds_singleprompt,0.1115497222024202,0.03696097473716422,3.0180405954028338,qing-yao/handcoded_n1000_nb150k_160M_ep5_lr1e-4_seed42
lmer,item_logodds_singleprompt,0.11816793032878153,0.017184292375820545,6.87650836848259,qing-yao/handcoded_n1000_nb150k_410M_ep10_lr1e-4_seed42
lmer,item_logodds_singleprompt,0.3005950288360246,0.02935543326320024,10.239843034878602,qing-yao/handcoded_n1000_nb150k_410M_ep1_lr1e-4_seed42
lmer,item_logodds_singleprompt,0.1470410978277955,0.019341480723117786,7.602370259689867,qing-yao/handcoded_n1000_nb150k_410M_ep5_lr1e-4_seed42
lmer,item_logodds_singleprompt,0.14568178610947116,0.029756801450375923,4.895747493305627,qing-yao/handcoded_n1000_nb150k_70M_ep10_lr1e-4_seed42
lmer,item_logodds_singleprompt,0.22105401882559522,0.02501706438241777,8.836129429356792,qing-yao/handcoded_n1000_nb150k_70M_ep1_lr1e-4_seed42
lmer,item_logodds_singleprompt,0.188845031545019,0.03336812938399317,5.659443158225368,qing-yao/handcoded_n1000_nb150k_70M_ep5_lr1e-4_seed42
lmer,item_logodds_singleprompt,0.14137022857289225,0.02286177202349568,6.183695140849193,qing-yao/handcoded_n1000_nb300k_160M_ep10_lr1e-4_seed42
lmer,item_logodds_singleprompt,0.2646582706234109,0.029383350703149024,9.007082728487033,qing-yao/handcoded_n1000_nb300k_160M_ep1_lr1e-4_seed42
lmer,item_logodds_singleprompt,0.18971258338515073,0.033998920358161364,5.5799590512470685,qing-yao/handcoded_n1000_nb300k_160M_ep5_lr1e-4_seed42
lmer,item_logodds_singleprompt,0.0996269028820793,0.014538355858274947,6.852693925866014,qing-yao/handcoded_n1000_nb300k_410M_ep10_lr1e-4_seed42
lmer,item_logodds_singleprompt,0.2482570133070453,0.0280777835260422,8.841759645193731,qing-yao/handcoded_n1000_nb300k_410M_ep1_lr1e-4_seed42
lmer,item_logodds_singleprompt,0.1141627990259463,0.0198632075761255,5.7474503344144585,qing-yao/handcoded_n1000_nb300k_410M_ep5_lr1e-4_seed42
lmer,item_logodds_singleprompt,0.17812349619230747,0.03050956349634299,5.83828399294071,qing-yao/handcoded_n1000_nb300k_70M_ep10_lr1e-4_seed42
lmer,item_logodds_singleprompt,0.2483975896505506,0.028455502917475284,8.729334019185547,qing-yao/handcoded_n1000_nb300k_70M_ep1_lr1e-4_seed42
lmer,item_logodds_singleprompt,0.2421118039111414,0.032006589434817344,7.564436204745008,qing-yao/handcoded_n1000_nb300k_70M_ep5_lr1e-4_seed42
lmer,item_logodds_singleprompt,0.1460318096958157,0.022623208921269043,6.454955625615293,qing-yao/handcoded_n1000_nb50k_160M_ep10_lr1e-4_seed42
lmer,item_logodds_singleprompt,0.28772423569292505,0.029436936395481787,9.77425883683627,qing-yao/handcoded_n1000_nb50k_160M_ep1_lr1e-4_seed42
lmer,item_logodds_singleprompt,0.19039294079899527,0.022506204152372214,8.459575835622523,qing-yao/handcoded_n1000_nb50k_160M_ep5_lr1e-4_seed42
lmer,item_logodds_singleprompt,0.09997558947253161,0.020143275027871534,4.963224169565224,qing-yao/handcoded_n1000_nb50k_410M_ep10_lr1e-4_seed42
lmer,item_logodds_singleprompt,0.3089195618591203,0.029627454226035615,10.426800747114212,qing-yao/handcoded_n1000_nb50k_410M_ep1_lr1e-4_seed42
lmer,item_logodds_singleprompt,0.13906438521823855,0.02150646268375063,6.466167275537585,qing-yao/handcoded_n1000_nb50k_410M_ep5_lr1e-4_seed42
lmer,item_logodds_singleprompt,0.14976686322802155,0.024744222825075112,6.052599198074305,qing-yao/handcoded_n1000_nb50k_70M_ep10_lr1e-4_seed42
lmer,item_logodds_singleprompt,0.2780039369549675,0.030858790005929698,9.008905951968545,qing-yao/handcoded_n1000_nb50k_70M_ep1_lr1e-4_seed42
lmer,item_logodds_singleprompt,0.1676892773978521,0.022145965659762356,7.5720011479351115,qing-yao/handcoded_n1000_nb50k_70M_ep5_lr1e-4_seed42
lmer,item_logodds_singleprompt,0.09130902146467652,0.020369607468656962,4.482610752572191,qing-yao/handcoded_n5000_nb0_160M_ep10_lr1e-4_seed42
lmer,item_logodds_singleprompt,0.280267181175759,0.029001608735181858,9.663849469004345,qing-yao/handcoded_n5000_nb0_160M_ep1_lr1e-4_seed42
lmer,item_logodds_singleprompt,0.14448126439710135,0.022766004406172845,6.346360205303582,qing-yao/handcoded_n5000_nb0_160M_ep5_lr1e-4_seed42
lmer,item_logodds_singleprompt,0.0861187283215639,0.02280097473347999,3.7769757358272407,qing-yao/handcoded_n5000_nb0_410M_ep10_lr1e-4_seed42
lmer,item_logodds_singleprompt,0.26793613305909086,0.02857367931056728,9.37702597369045,qing-yao/handcoded_n5000_nb0_410M_ep1_lr1e-4_seed42
lmer,item_logodds_singleprompt,0.09925994988425232,0.025465631303532795,3.8978004786585516,qing-yao/handcoded_n5000_nb0_410M_ep5_lr1e-4_seed42
lmer,item_logodds_singleprompt,0.11431530586489907,0.020300532118770923,5.6311482475475225,qing-yao/handcoded_n5000_nb0_70M_ep10_lr1e-4_seed42
lmer,item_logodds_singleprompt,0.27597748838871694,0.030412626084218866,9.074437952989593,qing-yao/handcoded_n5000_nb0_70M_ep1_lr1e-4_seed42
lmer,item_logodds_singleprompt,0.1464485080671609,0.01970921606083804,7.430458300071721,qing-yao/handcoded_n5000_nb0_70M_ep5_lr1e-4_seed42
lmer,item_logodds_singleprompt,0.14108727908443536,0.022664289119227243,6.225091744207587,qing-yao/handcoded_n5000_nb150k_160M_ep10_lr1e-4_seed42
lmer,item_logodds_singleprompt,0.20499932304671561,0.024656547883458998,8.314194023253382,qing-yao/handcoded_n5000_nb150k_160M_ep1_lr1e-4_seed42
lmer,item_logodds_singleprompt,0.174684809835435,0.029623925722453835,5.8967474963330195,qing-yao/handcoded_n5000_nb150k_160M_ep5_lr1e-4_seed42
lmer,item_logodds_singleprompt,0.09436637934527736,0.01758515295380959,5.366252974491992,qing-yao/handcoded_n5000_nb150k_410M_ep10_lr1e-4_seed42
lmer,item_logodds_singleprompt,0.2596886581487956,0.02831169884691674,9.172485888358365,qing-yao/handcoded_n5000_nb150k_410M_ep1_lr1e-4_seed42
lmer,item_logodds_singleprompt,0.12317247240962433,0.02211972172592286,5.568445839229265,qing-yao/handcoded_n5000_nb150k_410M_ep5_lr1e-4_seed42
lmer,item_logodds_singleprompt,0.1707743071573044,0.030092996162525636,5.67488548614402,qing-yao/handcoded_n5000_nb150k_70M_ep10_lr1e-4_seed42
lmer,item_logodds_singleprompt,0.18222652464290243,0.02235945097923582,8.149865791075447,qing-yao/handcoded_n5000_nb150k_70M_ep1_lr1e-4_seed42
lmer,item_logodds_singleprompt,0.20921258223539096,0.029739061028457168,7.034942429258154,qing-yao/handcoded_n5000_nb150k_70M_ep5_lr1e-4_seed42
lmer,item_logodds_singleprompt,0.148347943458216,0.032610564252915406,4.549076253562635,qing-yao/handcoded_n5000_nb300k_160M_ep10_lr1e-4_seed42
lmer,item_logodds_singleprompt,0.23230711047155547,0.023906916250048683,9.717150804469917,qing-yao/handcoded_n5000_nb300k_160M_ep1_lr1e-4_seed42
lmer,item_logodds_singleprompt,0.18820027321805616,0.023923768169038285,7.866665146070994,qing-yao/handcoded_n5000_nb300k_160M_ep5_lr1e-4_seed42
lmer,item_logodds_singleprompt,0.10810303295235206,0.017389009235592882,6.216744812066704,qing-yao/handcoded_n5000_nb300k_410M_ep10_lr1e-4_seed42
lmer,item_logodds_singleprompt,0.234320631697243,0.030721603188631052,7.627226686657958,qing-yao/handcoded_n5000_nb300k_410M_ep1_lr1e-4_seed42
lmer,item_logodds_singleprompt,0.1319375848352132,0.02179805843556657,6.052721861683729,qing-yao/handcoded_n5000_nb300k_410M_ep5_lr1e-4_seed42
lmer,item_logodds_singleprompt,0.16570596912560698,0.028524184574934643,5.809314853165672,qing-yao/handcoded_n5000_nb300k_70M_ep10_lr1e-4_seed42
lmer,item_logodds_singleprompt,0.23516541911381747,0.02728461795390094,8.6189742334359991,qing-yao/handcoded_n5000_nb300k_70M_ep1_lr1e-4_seed42
lmer,item_logodds_singleprompt,0.23414352699385818,0.03167653053966852,7.391703668450692,qing-yao/handcoded_n5000_nb300k_70M_ep5_lr1e-4_seed42
lmer,item_logodds_singleprompt,0.17398339516260578,0.02631498355269019,6.611571495541345,qing-yao/handcoded_n5000_nb50k_160M_ep10_lr1e-4_seed42
lmer,item_logodds_singleprompt,0.25199865343490013,0.02776034559290017,9.077648280407212,qing-yao/handcoded_n5000_nb50k_160M_ep1_lr1e-4_seed42
lmer,item_logodds_singleprompt,0.14216816494583487,0.027160448124106146,5.234382153645472,qing-yao/handcoded_n5000_nb50k_160M_ep5_lr1e-4_seed42
lmer,item_logodds_singleprompt,0.10704299361093449,0.01891247647227692,5.659914171887787,qing-yao/handcoded_n5000_nb50k_410M_ep10_lr1e-4_seed42
lmer,item_logodds_singleprompt,0.24045160454848452,0.027835830372665855,8.638204836332186,qing-yao/handcoded_n5000_nb50k_410M_ep1_lr1e-4_seed42
lmer,item_logodds_singleprompt,0.133765981047797,0.02297290814651628,5.8227709001692896,qing-yao/handcoded_n5000_nb50k_410M_ep5_lr1e-4_seed42
lmer,item_logodds_singleprompt,0.12871115199089203,0.024880080527874594,5.1732610690986105,qing-yao/handcoded_n5000_nb50k_70M_ep10_lr1e-4_seed42
lmer,item_logodds_singleprompt,0.23999068351278371,0.02815660716573406,8.52342336916384,qing-yao/handcoded_n5000_nb50k_70M_ep1_lr1e-4_seed42
lmer,item_logodds_singleprompt,0.16728070147144078,0.02442342823332821,6.84919004299198,qing-yao/handcoded_n5000_nb50k_70M_ep5_lr1e-4_seed42
lmer,item_logodds_singleprompt,0.2121411207027838,0.029380839571376976,7.220390015997133,qing-yao/handcoded_nunique_nb0_160M_ep10_lr1e-4_seed42
lmer,item_logodds_singleprompt,0.2985495594546753,0.030864223782778005,9.67299749884731,qing-yao/handcoded_nunique_nb0_160M_ep1_lr1e-4_seed42
lmer,item_logodds_singleprompt,0.2736551946613528,0.029846484986616666,9.168757888376515,qing-yao/handcoded_nunique_nb0_160M_ep5_lr1e-4_seed42
lmer,item_logodds_singleprompt,0.17763180095647965,0.026245779305438626,6.768013968618221,qing-yao/handcoded_nunique_nb0_410M_ep10_lr1e-4_seed42
lmer,item_logodds_singleprompt,0.30310918640844986,0.029797879892323343,10.172172903030532,qing-yao/handcoded_nunique_nb0_410M_ep1_lr1e-4_seed42
lmer,item_logodds_singleprompt,0.271699077225736,0.03059702929609394,8.879916889853797,qing-yao/handcoded_nunique_nb0_410M_ep5_lr1e-4_seed42
lmer,item_logodds_singleprompt,0.18345452963646552,0.026242231870292825,6.990812768640415,qing-yao/handcoded_nunique_nb0_70M_ep10_lr1e-4_seed42
lmer,item_logodds_singleprompt,0.288722464684082,0.0313179651911091,9.21906844592981,qing-yao/handcoded_nunique_nb0_70M_ep1_lr1e-4_seed42
lmer,item_logodds_singleprompt,0.2623151137202942,0.03077937251197538,8.52243214569221,qing-yao/handcoded_nunique_nb0_70M_ep5_lr1e-4_seed42
lmer,item_logodds_singleprompt,0.18382586222679426,0.027423617644744144,6.703195202330473,qing-yao/handcoded_nunique_nb150k_160M_ep10_lr1e-4_seed42
lmer,item_logodds_singleprompt,0.2643325307457502,0.028551096868608718,9.258226819172675,qing-yao/handcoded_nunique_nb150k_160M_ep1_lr1e-4_seed42
lmer,item_logodds_singleprompt,0.19224159989207004,0.026594620505476663,7.2285897011571,qing-yao/handcoded_nunique_nb150k_160M_ep5_lr1e-4_seed42
lmer,item_logodds_singleprompt,0.1303039263056107,0.019169258049307452,6.797546674495225,qing-yao/handcoded_nunique_nb150k_410M_ep10_lr1e-4_seed42
lmer,item_logodds_singleprompt,0.29828914232549975,0.029872833420958467,9.98529795021798,qing-yao/handcoded_nunique_nb150k_410M_ep1_lr1e-4_seed42
lmer,item_logodds_singleprompt,0.1708036152506821,0.023465541744234437,7.278912079353511,qing-yao/handcoded_nunique_nb150k_410M_ep5_lr1e-4_seed42
lmer,item_logodds_singleprompt,0.2034647850074016,0.02934884715069217,6.9326329570189955,qing-yao/handcoded_nunique_nb150k_70M_ep10_lr1e-4_seed42
lmer,item_logodds_singleprompt,0.22872294991411354,0.026369726164522336,8.673694542260206,qing-yao/handcoded_nunique_nb150k_70M_ep1_lr1e-4_seed42
lmer,item_logodds_singleprompt,0.2263865248922062,0.03332760647903947,6.792762781647284,qing-yao/handcoded_nunique_nb150k_70M_ep5_lr1e-4_seed42
lmer,item_logodds_singleprompt,0.17614514549207547,0.027003621304178074,6.5230193946180774,qing-yao/handcoded_nunique_nb300k_160M_ep10_lr1e-4_seed42
lmer,item_logodds_singleprompt,0.2345853476694197,0.03179820846831318,7.377313344655354,qing-yao/handcoded_nunique_nb300k_160M_ep1_lr1e-4_seed42
lmer,item_logodds_singleprompt,0.22029480338798876,0.03585154735444965,6.144638645858818,qing-yao/handcoded_nunique_nb300k_160M_ep5_lr1e-4_seed42
lmer,item_logodds_singleprompt,0.11490405830976862,0.01828158692268663,6.285234361530061,qing-yao/handcoded_nunique_nb300k_410M_ep10_lr1e-4_seed42
lmer,item_logodds_singleprompt,0.28203950374340064,0.030170110620309668,9.348308572443205,qing-yao/handcoded_nunique_nb300k_410M_ep1_lr1e-4_seed42
lmer,item_logodds_singleprompt,0.13543731079768634,0.021163593829404678,6.399542151934038,qing-yao/handcoded_nunique_nb300k_410M_ep5_lr1e-4_seed42
lmer,item_logodds_singleprompt,0.16728914946363674,0.029405689284741583,5.689006227459594,qing-yao/handcoded_nunique_nb300k_70M_ep10_lr1e-4_seed42
lmer,item_logodds_singleprompt,0.2239606162912093,0.028072628150582493,7.977899863521052,qing-yao/handcoded_nunique_nb300k_70M_ep1_lr1e-4_seed42
lmer,item_logodds_singleprompt,0.24554355806647546,0.04110526818634822,5.9735301313038205,qing-yao/handcoded_nunique_nb300k_70M_ep5_lr1e-4_seed42
lmer,item_logodds_singleprompt,0.16838404195652049,0.024483363464404294,6.877488144197571,qing-yao/handcoded_nunique_nb50k_160M_ep10_lr1e-4_seed42
lmer,item_logodds_singleprompt,0.28885449796438223,0.030066791018151948,9.607094345053143,qing-yao/handcoded_nunique_nb50k_160M_ep1_lr1e-4_seed42
lmer,item_logodds_singleprompt,0.23222405964259066,0.02461441459563034,9.434474207800827,qing-yao/handcoded_nunique_nb50k_160M_ep5_lr1e-4_seed42
lmer,item_logodds_singleprompt,0.12441372300451471,0.018756255342984637,6.633185608184254,qing-yao/handcoded_nunique_nb50k_410M_ep10_lr1e-4_seed42
lmer,item_logodds_singleprompt,0.3215697541762128,0.03116712155538578,10.317595534280082,qing-yao/handcoded_nunique_nb50k_410M_ep1_lr1e-4_seed42
lmer,item_logodds_singleprompt,0.16463055890522085,0.023409730810226726,7.032569500256734,qing-yao/handcoded_nunique_nb50k_410M_ep5_lr1e-4_seed42
lmer,item_logodds_singleprompt,0.21191587174574736,0.03308486218911378,6.405221534078991,qing-yao/handcoded_nunique_nb50k_70M_ep10_lr1e-4_seed42
lmer,item_logodds_singleprompt,0.2768202063250312,0.03082932639301381,8.979119517439765,qing-yao/handcoded_nunique_nb50k_70M_ep1_lr1e-4_seed42
lmer,item_logodds_singleprompt,0.22983110830808565,0.02529844055296115,9.084793500490456,qing-yao/handcoded_nunique_nb50k_70M_ep5_lr1e-4_seed42
lmer,item_logodds_singleprompt,0.27915747036167593,0.01645590919586347,16.96396516528226,EleutherAI/pythia-160m
lmer,item_logodds_singleprompt,0.2784428845846735,0.015770159533341356,17.65631374850635,EleutherAI/pythia-410m
lmer,item_logodds_singleprompt,0.2617975945262827,0.015711967682068128,16.66230479999453,EleutherAI/pythia-70m
lmer,item_logodds_singleprompt,0.11284595817019549,0.01187061036195503,9.506331581050254,qing-yao/relfreq_n10000_nb0_160M_ep10_lr1e-4_seed42
lmer,item_logodds_singleprompt,0.2221509635398339,0.01482767999067692,14.982179523668838,qing-yao/relfreq_n10000_nb0_160M_ep1_lr1e-4_seed42
lmer,item_logodds_singleprompt,0.09616621435646408,0.012905606022060997,7.451507057636534,qing-yao/relfreq_n10000_nb0_160M_ep5_lr1e-4_seed42
lmer,item_logodds_singleprompt,0.08179337472235229,0.010427068260193571,7.844330993267503,qing-yao/relfreq_n10000_nb0_410M_ep10_lr1e-4_seed42
lmer,item_logodds_singleprompt,0.24621493301448463,0.01721324100379746,14.303810244692821,qing-yao/relfreq_n10000_nb0_410M_ep1_lr1e-4_seed42
lmer,item_logodds_singleprompt,0.11599924101569914,0.013000114453552291,8.922939981040109,qing-yao/relfreq_n10000_nb0_410M_ep5_lr1e-4_seed42
lmer,item_logodds_singleprompt,0.15041662060129835,0.015766076442883394,9.540523360153724,qing-yao/relfreq_n10000_nb0_70M_ep10_lr1e-4_seed42
lmer,item_logodds_singleprompt,0.22379719109795995,0.015091012125668966,14.829833097628587,qing-yao/relfreq_n10000_nb0_70M_ep1_lr1e-4_seed42
lmer,item_logodds_singleprompt,0.1864789478739117,0.015442653396257125,12.075576851262431,qing-yao/relfreq_n10000_nb0_70M_ep5_lr1e-4_seed42
lmer,item_logodds_singleprompt,0.14952482325891453,0.013809645595385767,10.827564127270248,qing-yao/relfreq_n10000_nb150k_160M_ep10_lr1e-4_seed42
lmer,item_logodds_singleprompt,0.22548561488803148,0.014708003594929974,15.330810427987595,qing-yao/relfreq_n10000_nb150k_160M_ep1_lr1e-4_seed42
lmer,item_logodds_singleprompt,0.14961240258159514,0.013651127742211937,10.959710099185765,qing-yao/relfreq_n10000_nb150k_160M_ep5_lr1e-4_seed42
lmer,item_logodds_singleprompt,0.08598897628722683,0.009024547526454561,9.528342117447853,qing-yao/relfreq_n10000_nb150k_410M_ep10_lr1e-4_seed42
lmer,item_logodds_singleprompt,0.25289443696272357,0.016728594699629923,15.117494416211674,qing-yao/relfreq_n10000_nb150k_410M_ep1_lr1e-4_seed42
lmer,item_logodds_singleprompt,0.11980113417537087,0.010372661493873411,11.549700551409217,qing-yao/relfreq_n10000_nb150k_410M_ep5_lr1e-4_seed42
lmer,item_logodds_singleprompt,0.16155166025065085,0.015744041242505686,10.261130402434063,qing-yao/relfreq_n10000_nb150k_70M_ep10_lr1e-4_seed42
lmer,item_logodds_singleprompt,0.19717226951846528,0.012748153872918902,15.466731221163037,qing-yao/relfreq_n10000_nb150k_70M_ep1_lr1e-4_seed42
lmer,item_logodds_singleprompt,0.18589027653063378,0.014525858658227503,12.797197116147403,qing-yao/relfreq_n10000_nb150k_70M_ep5_lr1e-4_seed42
lmer,item_logodds_singleprompt,0.11811306201252382,0.013796752157475209,8.56093236034026,qing-yao/relfreq_n10000_nb300k_160M_ep10_lr1e-4_seed42
lmer,item_logodds_singleprompt,0.2249839567785436,0.01627050156236507,13.82772103958669,qing-yao/relfreq_n10000_nb300k_160M_ep1_lr1e-4_seed42
lmer,item_logodds_singleprompt,0.15748682104271863,0.014245871041841567,11.054909916014534,qing-yao/relfreq_n10000_nb300k_160M_ep5_lr1e-4_seed42
lmer,item_logodds_singleprompt,0.07161667689503812,0.007767356565907278,9.22021234474805,qing-yao/relfreq_n10000_nb300k_410M_ep10_lr1e-4_seed42
lmer,item_logodds_singleprompt,0.2293452653392481,0.017194342859474104,13.33841410594407,qing-yao/relfreq_n10000_nb300k_410M_ep1_lr1e-4_seed42
lmer,item_logodds_singleprompt,0.11907628227345195,0.010077430786777244,11.81613496464732,qing-yao/relfreq_n10000_nb300k_410M_ep5_lr1e-4_seed42
lmer,item_logodds_singleprompt,0.1729874004881766,0.015216312805174484,11.368549181596098,qing-yao/relfreq_n10000_nb300k_70M_ep10_lr1e-4_seed42
lmer,item_logodds_singleprompt,0.18363289745816566,0.01409900142602609,13.02453215723406,qing-yao/relfreq_n10000_nb300k_70M_ep1_lr1e-4_seed42
lmer,item_logodds_singleprompt,0.17172353675347352,0.015288509643657341,11.232195992675813,qing-yao/relfreq_n10000_nb300k_70M_ep5_lr1e-4_seed42
lmer,item_logodds_singleprompt,0.15496289998059212,0.015755936329405425,9.83520729843162,qing-yao/relfreq_n10000_nb50k_160M_ep10_lr1e-4_seed42
lmer,item_logodds_singleprompt,0.227814681584253,0.013709262969532112,16.61757324887234,qing-yao/relfreq_n10000_nb50k_160M_ep1_lr1e-4_seed42
lmer,item_logodds_singleprompt,0.15324104669834085,0.019042879430386083,8.04715732505344,qing-yao/relfreq_n10000_nb50k_160M_ep5_lr1e-4_seed42
lmer,item_logodds_singleprompt,0.0887604031326156,0.008807355207809092,10.077986073948248,qing-yao/relfreq_n10000_nb50k_410M_ep10_lr1e-4_seed42
lmer,item_logodds_singleprompt,0.26711091940927384,0.016732310001363018,15.96378021848238,qing-yao/relfreq_n10000_nb50k_410M_ep1_lr1e-4_seed42
lmer,item_logodds_singleprompt,0.09827831001666,0.009597703590595795,10.239773409230613,qing-yao/relfreq_n10000_nb50k_410M_ep5_lr1e-4_seed42
lmer,item_logodds_singleprompt,0.13306571173616255,0.014029225768145581,9.484893459929793,qing-yao/relfreq_n10000_nb50k_70M_ep10_lr1e-4_seed42
lmer,item_logodds_singleprompt,0.17272249224766034,0.013250567167526756,13.035101823486649,qing-yao/relfreq_n10000_nb50k_70M_ep1_lr1e-4_seed42
lmer,item_logodds_singleprompt,0.16881749463268275,0.015131077352967036,11.157004269730967,qing-yao/relfreq_n10000_nb50k_70M_ep5_lr1e-4_seed42
lmer,item_logodds_singleprompt,0.20988853614310976,0.015139045052062766,13.864053870063056,qing-yao/relfreq_n1000_nb0_160M_ep10_lr1e-4_seed42
lmer,item_logodds_singleprompt,0.27915747036167593,0.01645590919586347,16.96396516528226,qing-yao/relfreq_n1000_nb0_160M_ep1_lr1e-4_seed42
lmer,item_logodds_singleprompt,0.2540908887173585,0.015579279930119354,16.30953996956725,qing-yao/relfreq_n1000_nb0_160M_ep5_lr1e-4_seed42
lmer,item_logodds_singleprompt,0.17206644642595992,0.013711991937389135,12.548610530960001,qing-yao/relfreq_n1000_nb0_410M_ep10_lr1e-4_seed42
lmer,item_logodds_singleprompt,0.2784428845846735,0.015770159533341356,17.65631374850635,qing-yao/relfreq_n1000_nb0_410M_ep1_lr1e-4_seed42
lmer,item_logodds_singleprompt,0.24650870569853445,0.015283406863125964,16.12917250101364,qing-yao/relfreq_n1000_nb0_410M_ep5_lr1e-4_seed42
lmer,item_logodds_singleprompt,0.19421353088472756,0.013641910556114268,14.2365345444727,qing-yao/relfreq_n1000_nb0_70M_ep10_lr1e-4_seed42
lmer,item_logodds_singleprompt,0.2617975945262827,0.015711967682068128,16.66230479999453,qing-yao/relfreq_n1000_nb0_70M_ep1_lr1e-4_seed42
lmer,item_logodds_singleprompt,0.24648614599473642,0.0154686054154191,15.934606861782067,qing-yao/relfreq_n1000_nb0_70M_ep5_lr1e-4_seed42
lmer,item_logodds_singleprompt,0.12176454540425347,0.016229108260118492,7.502848798136272,qing-yao/relfreq_n1000_nb150k_160M_ep10_lr1e-4_seed42
lmer,item_logodds_singleprompt,0.23442183316454304,0.01472042130148017,15.924940486653831,qing-yao/relfreq_n1000_nb150k_160M_ep1_lr1e-4_seed42
lmer,item_logodds_singleprompt,0.15465863213991557,0.016754604490742526,9.230813668288594,qing-yao/relfreq_n1000_nb150k_160M_ep5_lr1e-4_seed42
lmer,item_logodds_singleprompt,0.11045178116200549,0.008955454022937813,12.333465269220609,qing-yao/relfreq_n1000_nb150k_410M_ep10_lr1e-4_seed42
lmer,item_logodds_singleprompt,0.2784289170905114,0.01612186804297936,17.27026398853076,qing-yao/relfreq_n1000_nb150k_410M_ep1_lr1e-4_seed42
lmer,item_logodds_singleprompt,0.16517034954826845,0.012168962651026087,13.573083777551185,qing-yao/relfreq_n1000_nb150k_410M_ep5_lr1e-4_seed42
lmer,item_logodds_singleprompt,0.14750696124300108,0.01526665274771748,9.66203683810486,qing-yao/relfreq_n1000_nb150k_70M_ep10_lr1e-4_seed42
lmer,item_logodds_singleprompt,0.1885502836171002,0.012972533209611156,14.534577061433621,qing-yao/relfreq_n1000_nb150k_70M_ep1_lr1e-4_seed42
lmer,item_logodds_singleprompt,0.17744936651950716,0.015548521380115915,11.41262002870811,qing-yao/relfreq_n1000_nb150k_70M_ep5_lr1e-4_seed42
lmer,item_logodds_singleprompt,0.1464251673098793,0.014886256021672768,9.836265552379336,qing-yao/relfreq_n1000_nb300k_160M_ep10_lr1e-4_seed42
lmer,item_logodds_singleprompt,0.19951042016986445,0.01388264284926606,14.37121320025978,qing-yao/relfreq_n1000_nb300k_160M_ep1_lr1e-4_seed42
lmer,item_logodds_singleprompt,0.15460739503380638,0.01625636462265942,9.510576234141688,qing-yao/relfreq_n1000_nb300k_160M_ep5_lr1e-4_seed42
lmer,item_logodds_singleprompt,0.0885872866566016,0.008344028870367524,10.616848051809251,qing-yao/relfreq_n1000_nb300k_410M_ep10_lr1e-4_seed42
lmer,item_logodds_singleprompt,0.24833667387219552,0.01629348175426115,15.241473714312125,qing-yao/relfreq_n1000_nb300k_410M_ep1_lr1e-4_seed42
lmer,item_logodds_singleprompt,0.13800232992581538,0.010562932509917966,13.064774369829532,qing-yao/relfreq_n1000_nb300k_410M_ep5_lr1e-4_seed42
lmer,item_logodds_singleprompt,0.16170559135573068,0.014145568561113795,11.43153706810059,qing-yao/relfreq_n1000_nb300k_70M_ep10_lr1e-4_seed42
lmer,item_logodds_singleprompt,0.18150600829961575,0.013192931811914704,13.757822058603788,qing-yao/relfreq_n1000_nb300k_70M_ep1_lr1e-4_seed42
lmer,item_logodds_singleprompt,0.16512284279045558,0.016131325230305377,10.236161036555439,qing-yao/relfreq_n1000_nb300k_70M_ep5_lr1e-4_seed42
lmer,item_logodds_singleprompt,0.15076219881638162,0.01316182909374631,11.454502086493019,qing-yao/relfreq_n1000_nb50k_160M_ep10_lr1e-4_seed42
lmer,item_logodds_singleprompt,0.2693963501198413,0.015957542378210995,16.88207016687512,qing-yao/relfreq_n1000_nb50k_160M_ep1_lr1e-4_seed42
lmer,item_logodds_singleprompt,0.2085931413016912,0.013837373000583731,15.074620109820822,qing-yao/relfreq_n1000_nb50k_160M_ep5_lr1e-4_seed42
lmer,item_logodds_singleprompt,0.10497455517961637,0.009657135102251734,10.870154975375636,qing-yao/relfreq_n1000_nb50k_410M_ep10_lr1e-4_seed42
lmer,item_logodds_singleprompt,0.2823794072246633,0.016301852913325043,17.321920932917262,qing-yao/relfreq_n1000_nb50k_410M_ep1_lr1e-4_seed42
lmer,item_logodds_singleprompt,0.13893833433200567,0.011114329688352784,12.50082895035996,qing-yao/relfreq_n1000_nb50k_410M_ep5_lr1e-4_seed42
lmer,item_logodds_singleprompt,0.15554372924187743,0.014149389196667599,10.992964224809816,qing-yao/relfreq_n1000_nb50k_70M_ep10_lr1e-4_seed42
lmer,item_logodds_singleprompt,0.25175790949448745,0.015411527706130284,16.335688083300468,qing-yao/relfreq_n1000_nb50k_70M_ep1_lr1e-4_seed42
lmer,item_logodds_singleprompt,0.177988575507519,0.014284660388390314,12.460119503588414,qing-yao/relfreq_n1000_nb50k_70M_ep5_lr1e-4_seed42
lmer,item_logodds_singleprompt,0.14546612383020244,0.01481390667058939,9.819565295291204,qing-yao/relfreq_n5000_nb0_160M_ep10_lr1e-4_seed42
lmer,item_logodds_singleprompt,0.27116667764828684,0.01619103638188066,16.747950609989896,qing-yao/relfreq_n5000_nb0_160M_ep1_lr1e-4_seed42
lmer,item_logodds_singleprompt,0.15626725226440968,0.015153853897678416,10.31204691028135,qing-yao/relfreq_n5000_nb0_160M_ep5_lr1e-4_seed42
lmer,item_logodds_singleprompt,0.08875523822137163,0.010599674283275226,8.373392978821503,qing-yao/relfreq_n5000_nb0_410M_ep10_lr1e-4_seed42
lmer,item_logodds_singleprompt,0.261080515371457,0.015700498517587477,16.628804179625142,qing-yao/relfreq_n5000_nb0_410M_ep1_lr1e-4_seed42
lmer,item_logodds_singleprompt,0.14093473533136525,0.013561877962164267,10.391977845881916,qing-yao/relfreq_n5000_nb0_410M_ep5_lr1e-4_seed42
lmer,item_logodds_singleprompt,0.1446655366999697,0.012509383975935758,11.564561210868744,qing-yao/relfreq_n5000_nb0_70M_ep10_lr1e-4_seed42
lmer,item_logodds_singleprompt,0.2542824225950127,0.015581798608208892,16.319195812288974,qing-yao/relfreq_n5000_nb0_70M_ep1_lr1e-4_seed42
lmer,item_logodds_singleprompt,0.1736329696866987,0.013403555142210866,12.954247424990157,qing-yao/relfreq_n5000_nb0_70M_ep5_lr1e-4_seed42
lmer,item_logodds_singleprompt,0.13860154339020944,0.014714000607188579,9.419704884509462,qing-yao/relfreq_n5000_nb150k_160M_ep10_lr1e-4_seed42
lmer,item_logodds_singleprompt,0.22620504123536841,0.014139158816032284,15.998479412995648,qing-yao/relfreq_n5000_nb150k_160M_ep1_lr1e-4_seed42
lmer,item_logodds_singleprompt,0.21692251095359527,0.01635952540823085,13.259706839934157,qing-yao/relfreq_n5000_nb150k_160M_ep5_lr1e-4_seed42
lmer,item_logodds_singleprompt,0.07386748283995462,0.00788522306674626,9.367836802419735,qing-yao/relfreq_n5000_nb150k_410M_ep10_lr1e-4_seed42
lmer,item_logodds_singleprompt,0.30182799628131873,0.016763926855482437,18.004611859936002,qing-yao/relfreq_n5000_nb150k_410M_ep1_lr1e-4_seed42
lmer,item_logodds_singleprompt,0.13608995431673074,0.01034041223197148,13.160979588024038,qing-yao/relfreq_n5000_nb150k_410M_ep5_lr1e-4_seed42
lmer,item_logodds_singleprompt,0.1506926817041327,0.016280657218991173,9.255933570565668,qing-yao/relfreq_n5000_nb150k_70M_ep10_lr1e-4_seed42
lmer,item_logodds_singleprompt,0.17414355083125668,0.01199469192049358,14.51838463093187,qing-yao/relfreq_n5000_nb150k_70M_ep1_lr1e-4_seed42
lmer,item_logodds_singleprompt,0.19428173525927905,0.01682894168910955,11.544501065388078,qing-yao/relfreq_n5000_nb150k_70M_ep5_lr1e-4_seed42
lmer,item_logodds_singleprompt,0.15348371224709048,0.015250018505873516,10.064493507858796,qing-yao/relfreq_n5000_nb300k_160M_ep10_lr1e-4_seed42
lmer,item_logodds_singleprompt,0.20807578522460599,0.015653633238846755,13.292491401180643,qing-yao/relfreq_n5000_nb300k_160M_ep1_lr1e-4_seed42
lmer,item_logodds_singleprompt,0.16845371567438372,0.014832437416258983,11.357116227554654,qing-yao/relfreq_n5000_nb300k_160M_ep5_lr1e-4_seed42
lmer,item_logodds_singleprompt,0.09823284748189147,0.00879174040683466,11.173310736691644,qing-yao/relfreq_n5000_nb300k_410M_ep10_lr1e-4_seed42
lmer,item_logodds_singleprompt,0.2466889755689326,0.01606775051131252,15.353049911700516,qing-yao/relfreq_n5000_nb300k_410M_ep1_lr1e-4_seed42
lmer,item_logodds_singleprompt,0.1239570940030384,0.010630126537015538,11.660923656120465,qing-yao/relfreq_n5000_nb300k_410M_ep5_lr1e-4_seed42
lmer,item_logodds_singleprompt,0.13346688510530888,0.013370586248320963,9.98212663428047,qing-yao/relfreq_n5000_nb300k_70M_ep10_lr1e-4_seed42
lmer,item_logodds_singleprompt,0.20977639334185516,0.014534280903577695,14.433214462658247,qing-yao/relfreq_n5000_nb300k_70M_ep1_lr1e-4_seed42
lmer,item_logodds_singleprompt,0.19971442405797818,0.015813909049574724,12.629035833701662,qing-yao/relfreq_n5000_nb300k_70M_ep5_lr1e-4_seed42
lmer,item_logodds_singleprompt,0.1325559330905155,0.013525301351894826,9.800589993652533,qing-yao/relfreq_n5000_nb50k_160M_ep10_lr1e-4_seed42
lmer,item_logodds_singleprompt,0.2395664901116888,0.015287456529195444,15.670787985834869,qing-yao/relfreq_n5000_nb50k_160M_ep1_lr1e-4_seed42
lmer,item_logodds_singleprompt,0.1886691363771017,0.01562783947630279,12.072630811392028,qing-yao/relfreq_n5000_nb50k_160M_ep5_lr1e-4_seed42
lmer,item_logodds_singleprompt,0.09052105311042835,0.0088694198203911,10.205972312001439,qing-yao/relfreq_n5000_nb50k_410M_ep10_lr1e-4_seed42
lmer,item_logodds_singleprompt,0.2698066092427435,0.01606022321772878,16.799679903882385,qing-yao/relfreq_n5000_nb50k_410M_ep1_lr1e-4_seed42
lmer,item_logodds_singleprompt,0.13044871035407257,0.010632001866302499,12.269440129381659,qing-yao/relfreq_n5000_nb50k_410M_ep5_lr1e-4_seed42
lmer,item_logodds_singleprompt,0.11719271282021543,0.013793777926470867,8.496056225127234,qing-yao/relfreq_n5000_nb50k_70M_ep10_lr1e-4_seed42
lmer,item_logodds_singleprompt,0.224279728096371,0.014691456797574437,15.265996503042478,qing-yao/relfreq_n5000_nb50k_70M_ep1_lr1e-4_seed42
lmer,item_logodds_singleprompt,0.1640764826342194,0.015008852095467139,10.93198077978079,qing-yao/relfreq_n5000_nb50k_70M_ep5_lr1e-4_seed42
lmer,item_logodds_singleprompt,0.12767871396644476,0.013494604606071698,9.46146387342076,qing-yao/relfreq_nunique_nb0_160M_ep10_lr1e-4_seed42
lmer,item_logodds_singleprompt,0.2533408890115551,0.015600041514512499,16.239757360637512,qing-yao/relfreq_nunique_nb0_160M_ep1_lr1e-4_seed42
lmer,item_logodds_singleprompt,0.16156964460903547,0.015590687194189328,10.363215078117449,qing-yao/relfreq_nunique_nb0_160M_ep5_lr1e-4_seed42
lmer,item_logodds_singleprompt,0.09260909140912212,0.010502364569788472,8.817927695590114,qing-yao/relfreq_nunique_nb0_410M_ep10_lr1e-4_seed42
lmer,item_logodds_singleprompt,0.2579416725468285,0.015432616110124439,16.71406005995367,qing-yao/relfreq_nunique_nb0_410M_ep1_lr1e-4_seed42
lmer,item_logodds_singleprompt,0.1318077802330519,0.012597993309734755,10.462601224847534,qing-yao/relfreq_nunique_nb0_410M_ep5_lr1e-4_seed42
lmer,item_logodds_singleprompt,0.14846584515838665,0.015383481452997021,9.650991266964633,qing-yao/relfreq_nunique_nb0_70M_ep10_lr1e-4_seed42
lmer,item_logodds_singleprompt,0.25050309029324197,0.015766055150928576,15.888761512957668,qing-yao/relfreq_nunique_nb0_70M_ep1_lr1e-4_seed42
lmer,item_logodds_singleprompt,0.14945832872242557,0.014547738908184588,10.27364662410459,qing-yao/relfreq_nunique_nb0_70M_ep5_lr1e-4_seed42
lmer,item_logodds_singleprompt,0.14972141263068312,0.015619050006081716,9.585820685149537,qing-yao/relfreq_nunique_nb150k_160M_ep10_lr1e-4_seed42
lmer,item_logodds_singleprompt,0.20383441294079105,0.01460875096653313,13.952898054580496,qing-yao/relfreq_nunique_nb150k_160M_ep1_lr1e-4_seed42
lmer,item_logodds_singleprompt,0.18136973259698388,0.014668242854585407,12.364789320370864,qing-yao/relfreq_nunique_nb150k_160M_ep5_lr1e-4_seed42
lmer,item_logodds_singleprompt,0.09285386297507801,0.00940609898090181,9.87166551868197,qing-yao/relfreq_nunique_nb150k_410M_ep10_lr1e-4_seed42
lmer,item_logodds_singleprompt,0.30552128637743525,0.017904467808702435,17.063969152377553,qing-yao/relfreq_nunique_nb150k_410M_ep1_lr1e-4_seed42
lmer,item_logodds_singleprompt,0.12428127251839492,0.010922017952107003,11.378966145575635,qing-yao/relfreq_nunique_nb150k_410M_ep5_lr1e-4_seed42
lmer,item_logodds_singleprompt,0.16296897521815393,0.013397490537365903,12.164141841610546,qing-yao/relfreq_nunique_nb150k_70M_ep10_lr1e-4_seed42
lmer,item_logodds_singleprompt,0.18239480802733377,0.012671833099760279,14.393719250515085,qing-yao/relfreq_nunique_nb150k_70M_ep1_lr1e-4_seed42
lmer,item_logodds_singleprompt,0.18574485846332084,0.01479942411420534,12.550816641914615,qing-yao/relfreq_nunique_nb150k_70M_ep5_lr1e-4_seed42
lmer,item_logodds_singleprompt,0.1612954866083723,0.01305491178638061,12.355157142972196,qing-yao/relfreq_nunique_nb300k_160M_ep10_lr1e-4_seed42
lmer,item_logodds_singleprompt,0.2345035184744735,0.01580469775565048,14.837583236328202,qing-yao/relfreq_nunique_nb300k_160M_ep1_lr1e-4_seed42
lmer,item_logodds_singleprompt,0.168614101795956,0.018488555551200804,9.119917525682789,qing-yao/relfreq_nunique_nb300k_160M_ep5_lr1e-4_seed42
lmer,item_logodds_singleprompt,0.0908100736640728,0.008685923191940262,10.454855708180357,qing-yao/relfreq_nunique_nb300k_410M_ep10_lr1e-4_seed42
lmer,item_logodds_singleprompt,0.2510282684185322,0.015999171756325196,15.690078976700114,qing-yao/relfreq_nunique_nb300k_410M_ep1_lr1e-4_seed42
lmer,item_logodds_singleprompt,0.13433438903784872,0.011394671175015582,11.789229103196567,qing-yao/relfreq_nunique_nb300k_410M_ep5_lr1e-4_seed42
lmer,item_logodds_singleprompt,0.15251298212724793,0.014183215676793074,10.753060913879596,qing-yao/relfreq_nunique_nb300k_70M_ep10_lr1e-4_seed42
lmer,item_logodds_singleprompt,0.19771233308145142,0.014382315708633752,13.746905372322209,qing-yao/relfreq_nunique_nb300k_70M_ep1_lr1e-4_seed42
lmer,item_logodds_singleprompt,0.1951995388076939,0.01606469973007488,12.150836435632776,qing-yao/relfreq_nunique_nb300k_70M_ep5_lr1e-4_seed42
lmer,item_logodds_singleprompt,0.13119488858098283,0.015353039726601615,8.545206090600193,qing-yao/relfreq_nunique_nb50k_160M_ep10_lr1e-4_seed42
lmer,item_logodds_singleprompt,0.22277620935536724,0.014738140895174912,15.115624890538362,qing-yao/relfreq_nunique_nb50k_160M_ep1_lr1e-4_seed42
lmer,item_logodds_singleprompt,0.161042473063906,0.014668791290156169,10.978578253545491,qing-yao/relfreq_nunique_nb50k_160M_ep5_lr1e-4_seed42
lmer,item_logodds_singleprompt,0.09434064434307099,0.009337595185439343,10.103312734116152,qing-yao/relfreq_nunique_nb50k_410M_ep10_lr1e-4_seed42
lmer,item_logodds_singleprompt,0.27180718394111325,0.016263238637551546,16.712980114152355,qing-yao/relfreq_nunique_nb50k_410M_ep1_lr1e-4_seed42
lmer,item_logodds_singleprompt,0.13502976438655126,0.011018744562190272,12.25455074527206,qing-yao/relfreq_nunique_nb50k_410M_ep5_lr1e-4_seed42
lmer,item_logodds_singleprompt,0.14277300737929804,0.0136861009342604,10.431970951046733,qing-yao/relfreq_nunique_nb50k_70M_ep10_lr1e-4_seed42
lmer,item_logodds_singleprompt,0.21085130132584654,0.014349267662548501,14.694220380052364,qing-yao/relfreq_nunique_nb50k_70M_ep1_lr1e-4_seed42
lmer,item_logodds_singleprompt,0.17733763977780476,0.014332964768318352,12.372711622775537,qing-yao/relfreq_nunique_nb50k_70M_ep5_lr1e-4_seed42
lmer,item_logodds_singleprompt,0.288722464684082,0.0313179651911091,9.21906844592981,EleutherAI/pythia-70m__handcoded
lmer,item_logodds_singleprompt,0.2985495594546753,0.030864223782778005,9.67299749884731,EleutherAI/pythia-160m__handcoded
lmer,item_logodds_singleprompt,0.30310918640844986,0.029797879892323343,10.172172903030532,EleutherAI/pythia-410m__handcoded
